ISO-10303-21;
HEADER;
/* Generated by software containing ST-Developer
 * from STEP Tools, Inc. (www.steptools.com) 
 */

FILE_DESCRIPTION(
/* description */ (''),
/* implementation_level */ '2;1');

FILE_NAME(
/* name */ 'caseDecbIN.step',
/* time_stamp */ '2026-06-11T06:23:31+02:00',
/* author */ (''),
/* organization */ (''),
/* preprocessor_version */ 'ST-DEVELOPER v20.1',
/* originating_system */ 'Autodesk Translation Framework v15.8.0.0',
/* authorisation */ '');

FILE_SCHEMA (('AUTOMOTIVE_DESIGN { 1 0 10303 214 3 1 1 }'));
ENDSEC;

DATA;
#10=MECHANICAL_DESIGN_GEOMETRIC_PRESENTATION_REPRESENTATION('',(#13,#14),
#2622);
#11=SHAPE_REPRESENTATION_RELATIONSHIP('SRR','None',#2628,#12);
#12=ADVANCED_BREP_SHAPE_REPRESENTATION('',(#15,#16),#2621);
#13=STYLED_ITEM('',(#2637),#15);
#14=STYLED_ITEM('',(#2637),#16);
#15=MANIFOLD_SOLID_BREP('Body1',#1489);
#16=MANIFOLD_SOLID_BREP('Body2',#1490);
#17=FACE_BOUND('',#172,.T.);
#18=FACE_BOUND('',#173,.T.);
#19=FACE_BOUND('',#174,.T.);
#20=FACE_BOUND('',#175,.T.);
#21=FACE_BOUND('',#196,.T.);
#22=FACE_BOUND('',#197,.T.);
#23=FACE_BOUND('',#198,.T.);
#24=FACE_BOUND('',#199,.T.);
#25=FACE_BOUND('',#200,.T.);
#26=FACE_BOUND('',#202,.T.);
#27=FACE_BOUND('',#203,.T.);
#28=FACE_BOUND('',#204,.T.);
#29=FACE_BOUND('',#205,.T.);
#30=FACE_BOUND('',#206,.T.);
#31=PLANE('',#1522);
#32=PLANE('',#1525);
#33=PLANE('',#1530);
#34=PLANE('',#1547);
#35=PLANE('',#1548);
#36=PLANE('',#1551);
#37=PLANE('',#1553);
#38=PLANE('',#1556);
#39=PLANE('',#1559);
#40=PLANE('',#1560);
#41=PLANE('',#1561);
#42=PLANE('',#1562);
#43=PLANE('',#1563);
#44=PLANE('',#1564);
#45=PLANE('',#1592);
#46=PLANE('',#1609);
#47=PLANE('',#1626);
#48=PLANE('',#1628);
#49=PLANE('',#1630);
#50=PLANE('',#1632);
#51=PLANE('',#1634);
#52=PLANE('',#1636);
#53=PLANE('',#1638);
#54=PLANE('',#1640);
#55=PLANE('',#1642);
#56=PLANE('',#1644);
#57=PLANE('',#1646);
#58=PLANE('',#1648);
#59=PLANE('',#1650);
#60=PLANE('',#1652);
#61=PLANE('',#1654);
#62=PLANE('',#1656);
#63=B_SPLINE_CURVE_WITH_KNOTS('',3,(#2129,#2130,#2131,#2132,#2133,#2134,
#2135,#2136,#2137,#2138,#2139,#2140),.UNSPECIFIED.,.F.,.F.,(4,2,2,2,2,4),
(0.870949596556945,0.872226425383116,0.925416143345771,0.979942657169236,
1.0267876714291,1.07504505153626),.UNSPECIFIED.);
#64=B_SPLINE_CURVE_WITH_KNOTS('',3,(#2156,#2157,#2158,#2159,#2160,#2161,
#2162,#2163,#2164,#2165,#2166,#2167),.UNSPECIFIED.,.F.,.F.,(4,2,2,2,2,4),
(0.870949596561416,0.872226425387595,0.925416143351192,0.979942657175251,
1.0267876714353,1.07504505154246),.UNSPECIFIED.);
#65=B_SPLINE_CURVE_WITH_KNOTS('',3,(#2183,#2184,#2185,#2186,#2187,#2188,
#2189,#2190,#2191,#2192,#2193,#2194),.UNSPECIFIED.,.F.,.F.,(4,2,2,2,2,4),
(0.871636415027944,0.873352797385646,0.927284116755449,0.982365661923211,
1.03053710684735,1.08009318795947),.UNSPECIFIED.);
#66=B_SPLINE_CURVE_WITH_KNOTS('',3,(#2210,#2211,#2212,#2213,#2214,#2215,
#2216,#2217,#2218,#2219,#2220,#2221,#2222,#2223,#2224,#2225,#2226,#2227,
#2228,#2229,#2230,#2231,#2232,#2233,#2234,#2235,#2236,#2237,#2238,#2239,
#2240,#2241),.UNSPECIFIED.,.F.,.F.,(4,2,2,2,2,2,2,2,2,2,2,2,2,2,2,4),(0.369139971645055,
0.37107100741353,0.383588377493558,0.405043552774645,0.453277922232286,
0.50348953368396,0.559410271054662,0.614784630676247,0.665966377316235,
0.717471360189958,0.775674057027982,0.834747773250204,0.888845601539309,
0.911681745307321,0.924491948217928,0.927731305050811),.UNSPECIFIED.);
#67=TOROIDAL_SURFACE('',#1495,4.,3.);
#68=TOROIDAL_SURFACE('',#1502,4.,3.);
#69=TOROIDAL_SURFACE('',#1509,4.,3.);
#70=TOROIDAL_SURFACE('',#1516,4.,3.);
#71=TOROIDAL_SURFACE('',#1568,4.,3.);
#72=TOROIDAL_SURFACE('',#1575,4.,3.);
#73=TOROIDAL_SURFACE('',#1581,4.,3.);
#74=TOROIDAL_SURFACE('',#1587,4.,3.);
#75=FACE_OUTER_BOUND('',#150,.T.);
#76=FACE_OUTER_BOUND('',#151,.T.);
#77=FACE_OUTER_BOUND('',#152,.T.);
#78=FACE_OUTER_BOUND('',#153,.T.);
#79=FACE_OUTER_BOUND('',#154,.T.);
#80=FACE_OUTER_BOUND('',#155,.T.);
#81=FACE_OUTER_BOUND('',#156,.T.);
#82=FACE_OUTER_BOUND('',#157,.T.);
#83=FACE_OUTER_BOUND('',#158,.T.);
#84=FACE_OUTER_BOUND('',#159,.T.);
#85=FACE_OUTER_BOUND('',#160,.T.);
#86=FACE_OUTER_BOUND('',#161,.T.);
#87=FACE_OUTER_BOUND('',#162,.T.);
#88=FACE_OUTER_BOUND('',#163,.T.);
#89=FACE_OUTER_BOUND('',#164,.T.);
#90=FACE_OUTER_BOUND('',#165,.T.);
#91=FACE_OUTER_BOUND('',#166,.T.);
#92=FACE_OUTER_BOUND('',#167,.T.);
#93=FACE_OUTER_BOUND('',#168,.T.);
#94=FACE_OUTER_BOUND('',#169,.T.);
#95=FACE_OUTER_BOUND('',#170,.T.);
#96=FACE_OUTER_BOUND('',#171,.T.);
#97=FACE_OUTER_BOUND('',#176,.T.);
#98=FACE_OUTER_BOUND('',#177,.T.);
#99=FACE_OUTER_BOUND('',#178,.T.);
#100=FACE_OUTER_BOUND('',#179,.T.);
#101=FACE_OUTER_BOUND('',#180,.T.);
#102=FACE_OUTER_BOUND('',#181,.T.);
#103=FACE_OUTER_BOUND('',#182,.T.);
#104=FACE_OUTER_BOUND('',#183,.T.);
#105=FACE_OUTER_BOUND('',#184,.T.);
#106=FACE_OUTER_BOUND('',#185,.T.);
#107=FACE_OUTER_BOUND('',#186,.T.);
#108=FACE_OUTER_BOUND('',#187,.T.);
#109=FACE_OUTER_BOUND('',#188,.T.);
#110=FACE_OUTER_BOUND('',#189,.T.);
#111=FACE_OUTER_BOUND('',#190,.T.);
#112=FACE_OUTER_BOUND('',#191,.T.);
#113=FACE_OUTER_BOUND('',#192,.T.);
#114=FACE_OUTER_BOUND('',#193,.T.);
#115=FACE_OUTER_BOUND('',#194,.T.);
#116=FACE_OUTER_BOUND('',#195,.T.);
#117=FACE_OUTER_BOUND('',#201,.T.);
#118=FACE_OUTER_BOUND('',#207,.T.);
#119=FACE_OUTER_BOUND('',#208,.T.);
#120=FACE_OUTER_BOUND('',#209,.T.);
#121=FACE_OUTER_BOUND('',#210,.T.);
#122=FACE_OUTER_BOUND('',#211,.T.);
#123=FACE_OUTER_BOUND('',#212,.T.);
#124=FACE_OUTER_BOUND('',#213,.T.);
#125=FACE_OUTER_BOUND('',#214,.T.);
#126=FACE_OUTER_BOUND('',#215,.T.);
#127=FACE_OUTER_BOUND('',#216,.T.);
#128=FACE_OUTER_BOUND('',#217,.T.);
#129=FACE_OUTER_BOUND('',#218,.T.);
#130=FACE_OUTER_BOUND('',#219,.T.);
#131=FACE_OUTER_BOUND('',#220,.T.);
#132=FACE_OUTER_BOUND('',#221,.T.);
#133=FACE_OUTER_BOUND('',#222,.T.);
#134=FACE_OUTER_BOUND('',#223,.T.);
#135=FACE_OUTER_BOUND('',#224,.T.);
#136=FACE_OUTER_BOUND('',#225,.T.);
#137=FACE_OUTER_BOUND('',#226,.T.);
#138=FACE_OUTER_BOUND('',#227,.T.);
#139=FACE_OUTER_BOUND('',#228,.T.);
#140=FACE_OUTER_BOUND('',#229,.T.);
#141=FACE_OUTER_BOUND('',#230,.T.);
#142=FACE_OUTER_BOUND('',#231,.T.);
#143=FACE_OUTER_BOUND('',#232,.T.);
#144=FACE_OUTER_BOUND('',#233,.T.);
#145=FACE_OUTER_BOUND('',#234,.T.);
#146=FACE_OUTER_BOUND('',#235,.T.);
#147=FACE_OUTER_BOUND('',#236,.T.);
#148=FACE_OUTER_BOUND('',#237,.T.);
#149=FACE_OUTER_BOUND('',#238,.T.);
#150=EDGE_LOOP('',(#941,#942,#943,#944));
#151=EDGE_LOOP('',(#945,#946,#947,#948,#949,#950));
#152=EDGE_LOOP('',(#951,#952,#953,#954));
#153=EDGE_LOOP('',(#955,#956,#957,#958,#959,#960));
#154=EDGE_LOOP('',(#961,#962,#963,#964));
#155=EDGE_LOOP('',(#965,#966,#967,#968,#969,#970));
#156=EDGE_LOOP('',(#971,#972,#973,#974));
#157=EDGE_LOOP('',(#975,#976,#977,#978,#979,#980));
#158=EDGE_LOOP('',(#981,#982,#983,#984));
#159=EDGE_LOOP('',(#985,#986,#987,#988));
#160=EDGE_LOOP('',(#989,#990,#991,#992));
#161=EDGE_LOOP('',(#993,#994,#995,#996));
#162=EDGE_LOOP('',(#997,#998,#999,#1000,#1001,#1002));
#163=EDGE_LOOP('',(#1003,#1004,#1005,#1006,#1007,#1008,#1009,#1010,#1011,
#1012,#1013,#1014,#1015,#1016,#1017,#1018,#1019,#1020,#1021,#1022));
#164=EDGE_LOOP('',(#1023,#1024,#1025,#1026,#1027,#1028));
#165=EDGE_LOOP('',(#1029,#1030,#1031,#1032));
#166=EDGE_LOOP('',(#1033,#1034,#1035,#1036,#1037,#1038));
#167=EDGE_LOOP('',(#1039,#1040,#1041,#1042,#1043,#1044));
#168=EDGE_LOOP('',(#1045,#1046,#1047,#1048));
#169=EDGE_LOOP('',(#1049,#1050,#1051,#1052));
#170=EDGE_LOOP('',(#1053,#1054,#1055,#1056,#1057,#1058,#1059,#1060,#1061,
#1062));
#171=EDGE_LOOP('',(#1063,#1064,#1065,#1066,#1067,#1068,#1069,#1070,#1071,
#1072,#1073,#1074,#1075,#1076,#1077,#1078,#1079,#1080));
#172=EDGE_LOOP('',(#1081));
#173=EDGE_LOOP('',(#1082));
#174=EDGE_LOOP('',(#1083));
#175=EDGE_LOOP('',(#1084));
#176=EDGE_LOOP('',(#1085,#1086,#1087,#1088));
#177=EDGE_LOOP('',(#1089,#1090,#1091,#1092,#1093));
#178=EDGE_LOOP('',(#1094,#1095,#1096,#1097));
#179=EDGE_LOOP('',(#1098,#1099,#1100,#1101,#1102));
#180=EDGE_LOOP('',(#1103,#1104,#1105,#1106,#1107));
#181=EDGE_LOOP('',(#1108,#1109,#1110,#1111,#1112));
#182=EDGE_LOOP('',(#1113,#1114,#1115,#1116,#1117,#1118,#1119,#1120));
#183=EDGE_LOOP('',(#1121,#1122,#1123,#1124));
#184=EDGE_LOOP('',(#1125,#1126,#1127,#1128));
#185=EDGE_LOOP('',(#1129,#1130,#1131,#1132));
#186=EDGE_LOOP('',(#1133,#1134,#1135,#1136));
#187=EDGE_LOOP('',(#1137,#1138,#1139,#1140));
#188=EDGE_LOOP('',(#1141,#1142,#1143,#1144));
#189=EDGE_LOOP('',(#1145,#1146,#1147,#1148));
#190=EDGE_LOOP('',(#1149,#1150,#1151,#1152));
#191=EDGE_LOOP('',(#1153,#1154,#1155,#1156));
#192=EDGE_LOOP('',(#1157,#1158,#1159,#1160));
#193=EDGE_LOOP('',(#1161,#1162,#1163,#1164));
#194=EDGE_LOOP('',(#1165,#1166,#1167,#1168));
#195=EDGE_LOOP('',(#1169,#1170,#1171,#1172,#1173,#1174,#1175,#1176));
#196=EDGE_LOOP('',(#1177));
#197=EDGE_LOOP('',(#1178,#1179,#1180,#1181,#1182,#1183,#1184,#1185));
#198=EDGE_LOOP('',(#1186,#1187,#1188,#1189,#1190,#1191,#1192,#1193));
#199=EDGE_LOOP('',(#1194,#1195,#1196,#1197,#1198,#1199,#1200,#1201));
#200=EDGE_LOOP('',(#1202,#1203,#1204,#1205,#1206,#1207,#1208,#1209));
#201=EDGE_LOOP('',(#1210,#1211,#1212,#1213,#1214,#1215,#1216,#1217));
#202=EDGE_LOOP('',(#1218));
#203=EDGE_LOOP('',(#1219,#1220,#1221,#1222,#1223,#1224,#1225,#1226));
#204=EDGE_LOOP('',(#1227,#1228,#1229,#1230,#1231,#1232,#1233,#1234));
#205=EDGE_LOOP('',(#1235,#1236,#1237,#1238,#1239,#1240,#1241,#1242));
#206=EDGE_LOOP('',(#1243,#1244,#1245,#1246,#1247,#1248,#1249,#1250));
#207=EDGE_LOOP('',(#1251,#1252,#1253,#1254));
#208=EDGE_LOOP('',(#1255,#1256,#1257,#1258));
#209=EDGE_LOOP('',(#1259,#1260,#1261,#1262));
#210=EDGE_LOOP('',(#1263,#1264,#1265,#1266));
#211=EDGE_LOOP('',(#1267,#1268,#1269,#1270));
#212=EDGE_LOOP('',(#1271,#1272,#1273,#1274));
#213=EDGE_LOOP('',(#1275,#1276,#1277,#1278));
#214=EDGE_LOOP('',(#1279,#1280,#1281,#1282));
#215=EDGE_LOOP('',(#1283,#1284,#1285,#1286));
#216=EDGE_LOOP('',(#1287,#1288,#1289,#1290));
#217=EDGE_LOOP('',(#1291,#1292,#1293,#1294));
#218=EDGE_LOOP('',(#1295,#1296,#1297,#1298));
#219=EDGE_LOOP('',(#1299,#1300,#1301,#1302));
#220=EDGE_LOOP('',(#1303,#1304,#1305,#1306));
#221=EDGE_LOOP('',(#1307,#1308,#1309,#1310));
#222=EDGE_LOOP('',(#1311,#1312,#1313,#1314));
#223=EDGE_LOOP('',(#1315,#1316,#1317,#1318));
#224=EDGE_LOOP('',(#1319,#1320,#1321,#1322));
#225=EDGE_LOOP('',(#1323,#1324,#1325,#1326));
#226=EDGE_LOOP('',(#1327,#1328,#1329,#1330));
#227=EDGE_LOOP('',(#1331,#1332,#1333,#1334));
#228=EDGE_LOOP('',(#1335,#1336,#1337,#1338));
#229=EDGE_LOOP('',(#1339,#1340,#1341,#1342));
#230=EDGE_LOOP('',(#1343,#1344,#1345,#1346));
#231=EDGE_LOOP('',(#1347,#1348,#1349,#1350));
#232=EDGE_LOOP('',(#1351,#1352,#1353,#1354));
#233=EDGE_LOOP('',(#1355,#1356,#1357,#1358));
#234=EDGE_LOOP('',(#1359,#1360,#1361,#1362));
#235=EDGE_LOOP('',(#1363,#1364,#1365,#1366));
#236=EDGE_LOOP('',(#1367,#1368,#1369,#1370));
#237=EDGE_LOOP('',(#1371,#1372,#1373,#1374));
#238=EDGE_LOOP('',(#1375,#1376,#1377,#1378));
#239=LINE('',#2122,#363);
#240=LINE('',#2125,#364);
#241=LINE('',#2151,#365);
#242=LINE('',#2152,#366);
#243=LINE('',#2178,#367);
#244=LINE('',#2179,#368);
#245=LINE('',#2205,#369);
#246=LINE('',#2206,#370);
#247=LINE('',#2247,#371);
#248=LINE('',#2250,#372);
#249=LINE('',#2253,#373);
#250=LINE('',#2254,#374);
#251=LINE('',#2257,#375);
#252=LINE('',#2261,#376);
#253=LINE('',#2262,#377);
#254=LINE('',#2267,#378);
#255=LINE('',#2283,#379);
#256=LINE('',#2286,#380);
#257=LINE('',#2289,#381);
#258=LINE('',#2293,#382);
#259=LINE('',#2297,#383);
#260=LINE('',#2300,#384);
#261=LINE('',#2303,#385);
#262=LINE('',#2306,#386);
#263=LINE('',#2310,#387);
#264=LINE('',#2312,#388);
#265=LINE('',#2314,#389);
#266=LINE('',#2317,#390);
#267=LINE('',#2320,#391);
#268=LINE('',#2322,#392);
#269=LINE('',#2324,#393);
#270=LINE('',#2326,#394);
#271=LINE('',#2328,#395);
#272=LINE('',#2330,#396);
#273=LINE('',#2332,#397);
#274=LINE('',#2334,#398);
#275=LINE('',#2339,#399);
#276=LINE('',#2340,#400);
#277=LINE('',#2341,#401);
#278=LINE('',#2347,#402);
#279=LINE('',#2348,#403);
#280=LINE('',#2349,#404);
#281=LINE('',#2354,#405);
#282=LINE('',#2355,#406);
#283=LINE('',#2358,#407);
#284=LINE('',#2359,#408);
#285=LINE('',#2362,#409);
#286=LINE('',#2364,#410);
#287=LINE('',#2365,#411);
#288=LINE('',#2367,#412);
#289=LINE('',#2368,#413);
#290=LINE('',#2375,#414);
#291=LINE('',#2390,#415);
#292=LINE('',#2391,#416);
#293=LINE('',#2402,#417);
#294=LINE('',#2403,#418);
#295=LINE('',#2414,#419);
#296=LINE('',#2415,#420);
#297=LINE('',#2423,#421);
#298=LINE('',#2424,#422);
#299=LINE('',#2430,#423);
#300=LINE('',#2434,#424);
#301=LINE('',#2438,#425);
#302=LINE('',#2441,#426);
#303=LINE('',#2446,#427);
#304=LINE('',#2450,#428);
#305=LINE('',#2454,#429);
#306=LINE('',#2457,#430);
#307=LINE('',#2462,#431);
#308=LINE('',#2466,#432);
#309=LINE('',#2470,#433);
#310=LINE('',#2473,#434);
#311=LINE('',#2478,#435);
#312=LINE('',#2482,#436);
#313=LINE('',#2486,#437);
#314=LINE('',#2489,#438);
#315=LINE('',#2495,#439);
#316=LINE('',#2499,#440);
#317=LINE('',#2503,#441);
#318=LINE('',#2506,#442);
#319=LINE('',#2511,#443);
#320=LINE('',#2515,#444);
#321=LINE('',#2519,#445);
#322=LINE('',#2522,#446);
#323=LINE('',#2527,#447);
#324=LINE('',#2531,#448);
#325=LINE('',#2535,#449);
#326=LINE('',#2538,#450);
#327=LINE('',#2543,#451);
#328=LINE('',#2547,#452);
#329=LINE('',#2551,#453);
#330=LINE('',#2554,#454);
#331=LINE('',#2556,#455);
#332=LINE('',#2557,#456);
#333=LINE('',#2559,#457);
#334=LINE('',#2561,#458);
#335=LINE('',#2563,#459);
#336=LINE('',#2565,#460);
#337=LINE('',#2567,#461);
#338=LINE('',#2569,#462);
#339=LINE('',#2572,#463);
#340=LINE('',#2573,#464);
#341=LINE('',#2575,#465);
#342=LINE('',#2577,#466);
#343=LINE('',#2579,#467);
#344=LINE('',#2581,#468);
#345=LINE('',#2583,#469);
#346=LINE('',#2585,#470);
#347=LINE('',#2588,#471);
#348=LINE('',#2589,#472);
#349=LINE('',#2591,#473);
#350=LINE('',#2593,#474);
#351=LINE('',#2595,#475);
#352=LINE('',#2597,#476);
#353=LINE('',#2599,#477);
#354=LINE('',#2601,#478);
#355=LINE('',#2604,#479);
#356=LINE('',#2605,#480);
#357=LINE('',#2607,#481);
#358=LINE('',#2609,#482);
#359=LINE('',#2611,#483);
#360=LINE('',#2613,#484);
#361=LINE('',#2615,#485);
#362=LINE('',#2617,#486);
#363=VECTOR('',#1664,10.);
#364=VECTOR('',#1667,10.);
#365=VECTOR('',#1682,10.);
#366=VECTOR('',#1683,10.);
#367=VECTOR('',#1698,10.);
#368=VECTOR('',#1699,10.);
#369=VECTOR('',#1714,10.);
#370=VECTOR('',#1715,10.);
#371=VECTOR('',#1726,10.);
#372=VECTOR('',#1729,10.);
#373=VECTOR('',#1732,10.);
#374=VECTOR('',#1733,10.);
#375=VECTOR('',#1736,10.);
#376=VECTOR('',#1741,10.);
#377=VECTOR('',#1742,10.);
#378=VECTOR('',#1747,1.41421358344652);
#379=VECTOR('',#1770,1.41421358344652);
#380=VECTOR('',#1773,10.);
#381=VECTOR('',#1776,10.);
#382=VECTOR('',#1781,1.41421358344652);
#383=VECTOR('',#1786,1.42080496089871);
#384=VECTOR('',#1789,10.);
#385=VECTOR('',#1794,10.);
#386=VECTOR('',#1797,10.);
#387=VECTOR('',#1800,10.);
#388=VECTOR('',#1801,10.);
#389=VECTOR('',#1802,10.);
#390=VECTOR('',#1805,10.);
#391=VECTOR('',#1808,10.);
#392=VECTOR('',#1809,10.);
#393=VECTOR('',#1810,10.);
#394=VECTOR('',#1811,10.);
#395=VECTOR('',#1812,10.);
#396=VECTOR('',#1813,10.);
#397=VECTOR('',#1814,10.);
#398=VECTOR('',#1815,10.);
#399=VECTOR('',#1820,10.);
#400=VECTOR('',#1821,10.);
#401=VECTOR('',#1822,10.);
#402=VECTOR('',#1829,10.);
#403=VECTOR('',#1830,10.);
#404=VECTOR('',#1831,10.);
#405=VECTOR('',#1838,10.);
#406=VECTOR('',#1839,10.);
#407=VECTOR('',#1842,10.);
#408=VECTOR('',#1843,10.);
#409=VECTOR('',#1846,10.);
#410=VECTOR('',#1847,10.);
#411=VECTOR('',#1848,10.);
#412=VECTOR('',#1851,10.);
#413=VECTOR('',#1852,10.);
#414=VECTOR('',#1861,7.81024979228844);
#415=VECTOR('',#1878,10.);
#416=VECTOR('',#1879,10.);
#417=VECTOR('',#1892,10.);
#418=VECTOR('',#1893,10.);
#419=VECTOR('',#1906,10.);
#420=VECTOR('',#1907,10.);
#421=VECTOR('',#1918,10.);
#422=VECTOR('',#1919,10.);
#423=VECTOR('',#1924,10.);
#424=VECTOR('',#1927,10.);
#425=VECTOR('',#1930,10.);
#426=VECTOR('',#1933,10.);
#427=VECTOR('',#1936,10.);
#428=VECTOR('',#1939,10.);
#429=VECTOR('',#1942,10.);
#430=VECTOR('',#1945,10.);
#431=VECTOR('',#1948,10.);
#432=VECTOR('',#1951,10.);
#433=VECTOR('',#1954,10.);
#434=VECTOR('',#1957,10.);
#435=VECTOR('',#1960,10.);
#436=VECTOR('',#1963,10.);
#437=VECTOR('',#1966,10.);
#438=VECTOR('',#1969,10.);
#439=VECTOR('',#1974,10.);
#440=VECTOR('',#1977,10.);
#441=VECTOR('',#1980,10.);
#442=VECTOR('',#1983,10.);
#443=VECTOR('',#1986,10.);
#444=VECTOR('',#1989,10.);
#445=VECTOR('',#1992,10.);
#446=VECTOR('',#1995,10.);
#447=VECTOR('',#1998,10.);
#448=VECTOR('',#2001,10.);
#449=VECTOR('',#2004,10.);
#450=VECTOR('',#2007,10.);
#451=VECTOR('',#2010,10.);
#452=VECTOR('',#2013,10.);
#453=VECTOR('',#2016,10.);
#454=VECTOR('',#2019,10.);
#455=VECTOR('',#2022,10.);
#456=VECTOR('',#2023,10.);
#457=VECTOR('',#2026,10.);
#458=VECTOR('',#2029,10.);
#459=VECTOR('',#2032,10.);
#460=VECTOR('',#2035,10.);
#461=VECTOR('',#2038,10.);
#462=VECTOR('',#2041,10.);
#463=VECTOR('',#2046,10.);
#464=VECTOR('',#2047,10.);
#465=VECTOR('',#2050,10.);
#466=VECTOR('',#2053,10.);
#467=VECTOR('',#2056,10.);
#468=VECTOR('',#2059,10.);
#469=VECTOR('',#2062,10.);
#470=VECTOR('',#2065,10.);
#471=VECTOR('',#2070,10.);
#472=VECTOR('',#2071,10.);
#473=VECTOR('',#2074,10.);
#474=VECTOR('',#2077,10.);
#475=VECTOR('',#2080,10.);
#476=VECTOR('',#2083,10.);
#477=VECTOR('',#2086,10.);
#478=VECTOR('',#2089,10.);
#479=VECTOR('',#2094,10.);
#480=VECTOR('',#2095,10.);
#481=VECTOR('',#2098,10.);
#482=VECTOR('',#2101,10.);
#483=VECTOR('',#2104,10.);
#484=VECTOR('',#2107,10.);
#485=VECTOR('',#2110,10.);
#486=VECTOR('',#2113,10.);
#487=CIRCLE('',#1493,3.);
#488=CIRCLE('',#1494,3.);
#489=CIRCLE('',#1496,4.);
#490=CIRCLE('',#1497,3.);
#491=CIRCLE('',#1498,7.);
#492=CIRCLE('',#1499,4.);
#493=CIRCLE('',#1501,3.);
#494=CIRCLE('',#1503,4.);
#495=CIRCLE('',#1504,3.);
#496=CIRCLE('',#1505,7.);
#497=CIRCLE('',#1506,4.);
#498=CIRCLE('',#1508,3.);
#499=CIRCLE('',#1510,4.);
#500=CIRCLE('',#1511,3.);
#501=CIRCLE('',#1512,7.);
#502=CIRCLE('',#1513,4.);
#503=CIRCLE('',#1515,3.);
#504=CIRCLE('',#1517,4.);
#505=CIRCLE('',#1518,7.);
#506=CIRCLE('',#1519,4.);
#507=CIRCLE('',#1521,7.);
#508=CIRCLE('',#1524,7.);
#509=CIRCLE('',#1527,1.41421358344652);
#510=CIRCLE('',#1528,1.41421358344652);
#511=CIRCLE('',#1529,1.41421358344652);
#512=CIRCLE('',#1531,1.41421358344652);
#513=CIRCLE('',#1532,1.41421358344652);
#514=CIRCLE('',#1533,1.42080496089871);
#515=CIRCLE('',#1534,1.42080496089871);
#516=CIRCLE('',#1535,1.41421358344652);
#517=CIRCLE('',#1536,1.41421358344652);
#518=CIRCLE('',#1538,1.41421358344652);
#519=CIRCLE('',#1540,7.);
#520=CIRCLE('',#1542,1.41421358344652);
#521=CIRCLE('',#1544,1.42080496089871);
#522=CIRCLE('',#1546,7.);
#523=CIRCLE('',#1549,2.);
#524=CIRCLE('',#1550,2.);
#525=CIRCLE('',#1552,2.);
#526=CIRCLE('',#1555,2.);
#527=CIRCLE('',#1558,2.);
#528=CIRCLE('',#1566,7.81024979228844);
#529=CIRCLE('',#1567,7.81024979228844);
#530=CIRCLE('',#1569,3.);
#531=CIRCLE('',#1570,4.);
#532=CIRCLE('',#1571,3.);
#533=CIRCLE('',#1572,7.);
#534=CIRCLE('',#1574,3.);
#535=CIRCLE('',#1576,4.);
#536=CIRCLE('',#1577,3.);
#537=CIRCLE('',#1578,7.);
#538=CIRCLE('',#1580,3.);
#539=CIRCLE('',#1582,4.);
#540=CIRCLE('',#1583,3.);
#541=CIRCLE('',#1584,7.);
#542=CIRCLE('',#1586,3.);
#543=CIRCLE('',#1588,4.);
#544=CIRCLE('',#1589,3.);
#545=CIRCLE('',#1590,7.);
#546=CIRCLE('',#1593,2.00000000000001);
#547=CIRCLE('',#1594,2.);
#548=CIRCLE('',#1595,2.00000000000001);
#549=CIRCLE('',#1596,2.00000000000002);
#550=CIRCLE('',#1597,2.);
#551=CIRCLE('',#1598,2.);
#552=CIRCLE('',#1599,2.);
#553=CIRCLE('',#1600,2.);
#554=CIRCLE('',#1601,2.);
#555=CIRCLE('',#1602,2.);
#556=CIRCLE('',#1603,2.);
#557=CIRCLE('',#1604,2.);
#558=CIRCLE('',#1605,2.);
#559=CIRCLE('',#1606,2.);
#560=CIRCLE('',#1607,2.);
#561=CIRCLE('',#1608,2.);
#562=CIRCLE('',#1610,2.);
#563=CIRCLE('',#1611,2.);
#564=CIRCLE('',#1612,2.);
#565=CIRCLE('',#1613,2.);
#566=CIRCLE('',#1614,2.);
#567=CIRCLE('',#1615,2.);
#568=CIRCLE('',#1616,2.);
#569=CIRCLE('',#1617,2.);
#570=CIRCLE('',#1618,2.);
#571=CIRCLE('',#1619,2.);
#572=CIRCLE('',#1620,2.);
#573=CIRCLE('',#1621,2.);
#574=CIRCLE('',#1622,2.00000000000001);
#575=CIRCLE('',#1623,2.00000000000002);
#576=CIRCLE('',#1624,2.00000000000001);
#577=CIRCLE('',#1625,2.);
#578=VERTEX_POINT('',#2118);
#579=VERTEX_POINT('',#2119);
#580=VERTEX_POINT('',#2121);
#581=VERTEX_POINT('',#2123);
#582=VERTEX_POINT('',#2127);
#583=VERTEX_POINT('',#2128);
#584=VERTEX_POINT('',#2141);
#585=VERTEX_POINT('',#2143);
#586=VERTEX_POINT('',#2148);
#587=VERTEX_POINT('',#2149);
#588=VERTEX_POINT('',#2154);
#589=VERTEX_POINT('',#2155);
#590=VERTEX_POINT('',#2168);
#591=VERTEX_POINT('',#2170);
#592=VERTEX_POINT('',#2175);
#593=VERTEX_POINT('',#2176);
#594=VERTEX_POINT('',#2181);
#595=VERTEX_POINT('',#2182);
#596=VERTEX_POINT('',#2195);
#597=VERTEX_POINT('',#2197);
#598=VERTEX_POINT('',#2202);
#599=VERTEX_POINT('',#2203);
#600=VERTEX_POINT('',#2208);
#601=VERTEX_POINT('',#2209);
#602=VERTEX_POINT('',#2246);
#603=VERTEX_POINT('',#2248);
#604=VERTEX_POINT('',#2252);
#605=VERTEX_POINT('',#2256);
#606=VERTEX_POINT('',#2260);
#607=VERTEX_POINT('',#2264);
#608=VERTEX_POINT('',#2266);
#609=VERTEX_POINT('',#2271);
#610=VERTEX_POINT('',#2274);
#611=VERTEX_POINT('',#2277);
#612=VERTEX_POINT('',#2281);
#613=VERTEX_POINT('',#2285);
#614=VERTEX_POINT('',#2287);
#615=VERTEX_POINT('',#2291);
#616=VERTEX_POINT('',#2295);
#617=VERTEX_POINT('',#2299);
#618=VERTEX_POINT('',#2305);
#619=VERTEX_POINT('',#2307);
#620=VERTEX_POINT('',#2309);
#621=VERTEX_POINT('',#2311);
#622=VERTEX_POINT('',#2313);
#623=VERTEX_POINT('',#2315);
#624=VERTEX_POINT('',#2319);
#625=VERTEX_POINT('',#2321);
#626=VERTEX_POINT('',#2323);
#627=VERTEX_POINT('',#2325);
#628=VERTEX_POINT('',#2327);
#629=VERTEX_POINT('',#2329);
#630=VERTEX_POINT('',#2331);
#631=VERTEX_POINT('',#2333);
#632=VERTEX_POINT('',#2337);
#633=VERTEX_POINT('',#2338);
#634=VERTEX_POINT('',#2345);
#635=VERTEX_POINT('',#2346);
#636=VERTEX_POINT('',#2353);
#637=VERTEX_POINT('',#2357);
#638=VERTEX_POINT('',#2361);
#639=VERTEX_POINT('',#2363);
#640=VERTEX_POINT('',#2372);
#641=VERTEX_POINT('',#2374);
#642=VERTEX_POINT('',#2378);
#643=VERTEX_POINT('',#2379);
#644=VERTEX_POINT('',#2381);
#645=VERTEX_POINT('',#2383);
#646=VERTEX_POINT('',#2387);
#647=VERTEX_POINT('',#2388);
#648=VERTEX_POINT('',#2393);
#649=VERTEX_POINT('',#2395);
#650=VERTEX_POINT('',#2399);
#651=VERTEX_POINT('',#2400);
#652=VERTEX_POINT('',#2405);
#653=VERTEX_POINT('',#2407);
#654=VERTEX_POINT('',#2411);
#655=VERTEX_POINT('',#2412);
#656=VERTEX_POINT('',#2417);
#657=VERTEX_POINT('',#2419);
#658=VERTEX_POINT('',#2426);
#659=VERTEX_POINT('',#2427);
#660=VERTEX_POINT('',#2429);
#661=VERTEX_POINT('',#2431);
#662=VERTEX_POINT('',#2433);
#663=VERTEX_POINT('',#2435);
#664=VERTEX_POINT('',#2437);
#665=VERTEX_POINT('',#2439);
#666=VERTEX_POINT('',#2442);
#667=VERTEX_POINT('',#2443);
#668=VERTEX_POINT('',#2445);
#669=VERTEX_POINT('',#2447);
#670=VERTEX_POINT('',#2449);
#671=VERTEX_POINT('',#2451);
#672=VERTEX_POINT('',#2453);
#673=VERTEX_POINT('',#2455);
#674=VERTEX_POINT('',#2458);
#675=VERTEX_POINT('',#2459);
#676=VERTEX_POINT('',#2461);
#677=VERTEX_POINT('',#2463);
#678=VERTEX_POINT('',#2465);
#679=VERTEX_POINT('',#2467);
#680=VERTEX_POINT('',#2469);
#681=VERTEX_POINT('',#2471);
#682=VERTEX_POINT('',#2474);
#683=VERTEX_POINT('',#2475);
#684=VERTEX_POINT('',#2477);
#685=VERTEX_POINT('',#2479);
#686=VERTEX_POINT('',#2481);
#687=VERTEX_POINT('',#2483);
#688=VERTEX_POINT('',#2485);
#689=VERTEX_POINT('',#2487);
#690=VERTEX_POINT('',#2491);
#691=VERTEX_POINT('',#2492);
#692=VERTEX_POINT('',#2494);
#693=VERTEX_POINT('',#2496);
#694=VERTEX_POINT('',#2498);
#695=VERTEX_POINT('',#2500);
#696=VERTEX_POINT('',#2502);
#697=VERTEX_POINT('',#2504);
#698=VERTEX_POINT('',#2507);
#699=VERTEX_POINT('',#2508);
#700=VERTEX_POINT('',#2510);
#701=VERTEX_POINT('',#2512);
#702=VERTEX_POINT('',#2514);
#703=VERTEX_POINT('',#2516);
#704=VERTEX_POINT('',#2518);
#705=VERTEX_POINT('',#2520);
#706=VERTEX_POINT('',#2523);
#707=VERTEX_POINT('',#2524);
#708=VERTEX_POINT('',#2526);
#709=VERTEX_POINT('',#2528);
#710=VERTEX_POINT('',#2530);
#711=VERTEX_POINT('',#2532);
#712=VERTEX_POINT('',#2534);
#713=VERTEX_POINT('',#2536);
#714=VERTEX_POINT('',#2539);
#715=VERTEX_POINT('',#2540);
#716=VERTEX_POINT('',#2542);
#717=VERTEX_POINT('',#2544);
#718=VERTEX_POINT('',#2546);
#719=VERTEX_POINT('',#2548);
#720=VERTEX_POINT('',#2550);
#721=VERTEX_POINT('',#2552);
#722=EDGE_CURVE('',#578,#579,#487,.T.);
#723=EDGE_CURVE('',#579,#580,#239,.T.);
#724=EDGE_CURVE('',#580,#581,#488,.T.);
#725=EDGE_CURVE('',#581,#578,#240,.T.);
#726=EDGE_CURVE('',#582,#583,#63,.T.);
#727=EDGE_CURVE('',#583,#584,#489,.T.);
#728=EDGE_CURVE('',#584,#585,#490,.T.);
#729=EDGE_CURVE('',#585,#581,#491,.T.);
#730=EDGE_CURVE('',#580,#582,#492,.T.);
#731=EDGE_CURVE('',#586,#587,#493,.T.);
#732=EDGE_CURVE('',#587,#585,#241,.T.);
#733=EDGE_CURVE('',#584,#586,#242,.T.);
#734=EDGE_CURVE('',#588,#589,#64,.T.);
#735=EDGE_CURVE('',#589,#590,#494,.T.);
#736=EDGE_CURVE('',#590,#591,#495,.T.);
#737=EDGE_CURVE('',#591,#587,#496,.T.);
#738=EDGE_CURVE('',#586,#588,#497,.T.);
#739=EDGE_CURVE('',#592,#593,#498,.T.);
#740=EDGE_CURVE('',#593,#591,#243,.T.);
#741=EDGE_CURVE('',#590,#592,#244,.T.);
#742=EDGE_CURVE('',#594,#595,#65,.T.);
#743=EDGE_CURVE('',#595,#596,#499,.T.);
#744=EDGE_CURVE('',#596,#597,#500,.T.);
#745=EDGE_CURVE('',#597,#593,#501,.T.);
#746=EDGE_CURVE('',#592,#594,#502,.T.);
#747=EDGE_CURVE('',#598,#599,#503,.T.);
#748=EDGE_CURVE('',#599,#597,#245,.T.);
#749=EDGE_CURVE('',#596,#598,#246,.T.);
#750=EDGE_CURVE('',#600,#601,#66,.T.);
#751=EDGE_CURVE('',#601,#579,#504,.T.);
#752=EDGE_CURVE('',#578,#599,#505,.T.);
#753=EDGE_CURVE('',#598,#600,#506,.T.);
#754=EDGE_CURVE('',#597,#602,#247,.T.);
#755=EDGE_CURVE('',#602,#603,#507,.T.);
#756=EDGE_CURVE('',#603,#593,#248,.T.);
#757=EDGE_CURVE('',#604,#599,#249,.T.);
#758=EDGE_CURVE('',#602,#604,#250,.T.);
#759=EDGE_CURVE('',#578,#605,#251,.T.);
#760=EDGE_CURVE('',#605,#604,#508,.T.);
#761=EDGE_CURVE('',#606,#581,#252,.T.);
#762=EDGE_CURVE('',#605,#606,#253,.T.);
#763=EDGE_CURVE('',#607,#607,#509,.T.);
#764=EDGE_CURVE('',#607,#608,#254,.T.);
#765=EDGE_CURVE('',#608,#583,#510,.T.);
#766=EDGE_CURVE('',#582,#608,#511,.T.);
#767=EDGE_CURVE('',#609,#601,#512,.T.);
#768=EDGE_CURVE('',#600,#609,#513,.T.);
#769=EDGE_CURVE('',#610,#595,#514,.T.);
#770=EDGE_CURVE('',#594,#610,#515,.T.);
#771=EDGE_CURVE('',#611,#589,#516,.T.);
#772=EDGE_CURVE('',#588,#611,#517,.T.);
#773=EDGE_CURVE('',#612,#612,#518,.T.);
#774=EDGE_CURVE('',#612,#609,#255,.T.);
#775=EDGE_CURVE('',#591,#613,#256,.T.);
#776=EDGE_CURVE('',#613,#614,#519,.T.);
#777=EDGE_CURVE('',#614,#587,#257,.T.);
#778=EDGE_CURVE('',#615,#615,#520,.T.);
#779=EDGE_CURVE('',#615,#611,#258,.T.);
#780=EDGE_CURVE('',#616,#616,#521,.T.);
#781=EDGE_CURVE('',#616,#610,#259,.T.);
#782=EDGE_CURVE('',#585,#617,#260,.T.);
#783=EDGE_CURVE('',#617,#606,#522,.T.);
#784=EDGE_CURVE('',#613,#603,#261,.T.);
#785=EDGE_CURVE('',#618,#614,#262,.T.);
#786=EDGE_CURVE('',#618,#619,#523,.T.);
#787=EDGE_CURVE('',#619,#620,#263,.T.);
#788=EDGE_CURVE('',#620,#621,#264,.T.);
#789=EDGE_CURVE('',#621,#622,#265,.T.);
#790=EDGE_CURVE('',#622,#623,#524,.T.);
#791=EDGE_CURVE('',#617,#623,#266,.T.);
#792=EDGE_CURVE('',#623,#624,#267,.T.);
#793=EDGE_CURVE('',#624,#625,#268,.T.);
#794=EDGE_CURVE('',#625,#626,#269,.T.);
#795=EDGE_CURVE('',#626,#627,#270,.T.);
#796=EDGE_CURVE('',#627,#628,#271,.T.);
#797=EDGE_CURVE('',#628,#629,#272,.T.);
#798=EDGE_CURVE('',#629,#630,#273,.T.);
#799=EDGE_CURVE('',#631,#630,#274,.T.);
#800=EDGE_CURVE('',#631,#618,#525,.T.);
#801=EDGE_CURVE('',#632,#633,#275,.T.);
#802=EDGE_CURVE('',#620,#632,#276,.T.);
#803=EDGE_CURVE('',#619,#633,#277,.T.);
#804=EDGE_CURVE('',#633,#630,#526,.T.);
#805=EDGE_CURVE('',#634,#635,#278,.T.);
#806=EDGE_CURVE('',#622,#634,#279,.T.);
#807=EDGE_CURVE('',#621,#635,#280,.T.);
#808=EDGE_CURVE('',#625,#634,#527,.T.);
#809=EDGE_CURVE('',#635,#636,#281,.T.);
#810=EDGE_CURVE('',#636,#626,#282,.T.);
#811=EDGE_CURVE('',#637,#629,#283,.T.);
#812=EDGE_CURVE('',#637,#632,#284,.T.);
#813=EDGE_CURVE('',#638,#637,#285,.T.);
#814=EDGE_CURVE('',#639,#638,#286,.T.);
#815=EDGE_CURVE('',#636,#639,#287,.T.);
#816=EDGE_CURVE('',#638,#628,#288,.T.);
#817=EDGE_CURVE('',#639,#627,#289,.T.);
#818=EDGE_CURVE('',#640,#640,#528,.T.);
#819=EDGE_CURVE('',#640,#641,#290,.T.);
#820=EDGE_CURVE('',#641,#641,#529,.T.);
#821=EDGE_CURVE('',#642,#643,#530,.T.);
#822=EDGE_CURVE('',#643,#644,#531,.T.);
#823=EDGE_CURVE('',#644,#645,#532,.T.);
#824=EDGE_CURVE('',#645,#642,#533,.T.);
#825=EDGE_CURVE('',#646,#647,#534,.T.);
#826=EDGE_CURVE('',#645,#647,#291,.T.);
#827=EDGE_CURVE('',#644,#646,#292,.T.);
#828=EDGE_CURVE('',#646,#648,#535,.T.);
#829=EDGE_CURVE('',#648,#649,#536,.T.);
#830=EDGE_CURVE('',#649,#647,#537,.T.);
#831=EDGE_CURVE('',#650,#651,#538,.T.);
#832=EDGE_CURVE('',#649,#651,#293,.T.);
#833=EDGE_CURVE('',#648,#650,#294,.T.);
#834=EDGE_CURVE('',#650,#652,#539,.T.);
#835=EDGE_CURVE('',#652,#653,#540,.T.);
#836=EDGE_CURVE('',#653,#651,#541,.T.);
#837=EDGE_CURVE('',#654,#655,#542,.T.);
#838=EDGE_CURVE('',#653,#655,#295,.T.);
#839=EDGE_CURVE('',#652,#654,#296,.T.);
#840=EDGE_CURVE('',#654,#656,#543,.T.);
#841=EDGE_CURVE('',#656,#657,#544,.T.);
#842=EDGE_CURVE('',#657,#655,#545,.T.);
#843=EDGE_CURVE('',#657,#642,#297,.T.);
#844=EDGE_CURVE('',#656,#643,#298,.T.);
#845=EDGE_CURVE('',#658,#659,#546,.T.);
#846=EDGE_CURVE('',#659,#660,#299,.T.);
#847=EDGE_CURVE('',#660,#661,#547,.T.);
#848=EDGE_CURVE('',#661,#662,#300,.T.);
#849=EDGE_CURVE('',#662,#663,#548,.T.);
#850=EDGE_CURVE('',#663,#664,#301,.T.);
#851=EDGE_CURVE('',#664,#665,#549,.T.);
#852=EDGE_CURVE('',#665,#658,#302,.T.);
#853=EDGE_CURVE('',#666,#667,#550,.T.);
#854=EDGE_CURVE('',#667,#668,#303,.T.);
#855=EDGE_CURVE('',#668,#669,#551,.T.);
#856=EDGE_CURVE('',#669,#670,#304,.T.);
#857=EDGE_CURVE('',#670,#671,#552,.T.);
#858=EDGE_CURVE('',#671,#672,#305,.T.);
#859=EDGE_CURVE('',#672,#673,#553,.T.);
#860=EDGE_CURVE('',#673,#666,#306,.T.);
#861=EDGE_CURVE('',#674,#675,#554,.T.);
#862=EDGE_CURVE('',#675,#676,#307,.T.);
#863=EDGE_CURVE('',#676,#677,#555,.T.);
#864=EDGE_CURVE('',#677,#678,#308,.T.);
#865=EDGE_CURVE('',#678,#679,#556,.T.);
#866=EDGE_CURVE('',#679,#680,#309,.T.);
#867=EDGE_CURVE('',#680,#681,#557,.T.);
#868=EDGE_CURVE('',#681,#674,#310,.T.);
#869=EDGE_CURVE('',#682,#683,#558,.T.);
#870=EDGE_CURVE('',#683,#684,#311,.T.);
#871=EDGE_CURVE('',#684,#685,#559,.T.);
#872=EDGE_CURVE('',#685,#686,#312,.T.);
#873=EDGE_CURVE('',#686,#687,#560,.T.);
#874=EDGE_CURVE('',#687,#688,#313,.T.);
#875=EDGE_CURVE('',#688,#689,#561,.T.);
#876=EDGE_CURVE('',#689,#682,#314,.T.);
#877=EDGE_CURVE('',#690,#691,#562,.T.);
#878=EDGE_CURVE('',#692,#690,#315,.T.);
#879=EDGE_CURVE('',#693,#692,#563,.T.);
#880=EDGE_CURVE('',#694,#693,#316,.T.);
#881=EDGE_CURVE('',#695,#694,#564,.T.);
#882=EDGE_CURVE('',#696,#695,#317,.T.);
#883=EDGE_CURVE('',#697,#696,#565,.T.);
#884=EDGE_CURVE('',#691,#697,#318,.T.);
#885=EDGE_CURVE('',#698,#699,#566,.T.);
#886=EDGE_CURVE('',#700,#698,#319,.T.);
#887=EDGE_CURVE('',#701,#700,#567,.T.);
#888=EDGE_CURVE('',#702,#701,#320,.T.);
#889=EDGE_CURVE('',#703,#702,#568,.T.);
#890=EDGE_CURVE('',#704,#703,#321,.T.);
#891=EDGE_CURVE('',#705,#704,#569,.T.);
#892=EDGE_CURVE('',#699,#705,#322,.T.);
#893=EDGE_CURVE('',#706,#707,#570,.T.);
#894=EDGE_CURVE('',#708,#706,#323,.T.);
#895=EDGE_CURVE('',#709,#708,#571,.T.);
#896=EDGE_CURVE('',#710,#709,#324,.T.);
#897=EDGE_CURVE('',#711,#710,#572,.T.);
#898=EDGE_CURVE('',#712,#711,#325,.T.);
#899=EDGE_CURVE('',#713,#712,#573,.T.);
#900=EDGE_CURVE('',#707,#713,#326,.T.);
#901=EDGE_CURVE('',#714,#715,#574,.T.);
#902=EDGE_CURVE('',#716,#714,#327,.T.);
#903=EDGE_CURVE('',#717,#716,#575,.T.);
#904=EDGE_CURVE('',#718,#717,#328,.T.);
#905=EDGE_CURVE('',#719,#718,#576,.T.);
#906=EDGE_CURVE('',#720,#719,#329,.T.);
#907=EDGE_CURVE('',#721,#720,#577,.T.);
#908=EDGE_CURVE('',#715,#721,#330,.T.);
#909=EDGE_CURVE('',#714,#658,#331,.T.);
#910=EDGE_CURVE('',#716,#665,#332,.T.);
#911=EDGE_CURVE('',#717,#664,#333,.T.);
#912=EDGE_CURVE('',#718,#663,#334,.T.);
#913=EDGE_CURVE('',#719,#662,#335,.T.);
#914=EDGE_CURVE('',#720,#661,#336,.T.);
#915=EDGE_CURVE('',#721,#660,#337,.T.);
#916=EDGE_CURVE('',#715,#659,#338,.T.);
#917=EDGE_CURVE('',#706,#666,#339,.T.);
#918=EDGE_CURVE('',#708,#673,#340,.T.);
#919=EDGE_CURVE('',#709,#672,#341,.T.);
#920=EDGE_CURVE('',#710,#671,#342,.T.);
#921=EDGE_CURVE('',#711,#670,#343,.T.);
#922=EDGE_CURVE('',#712,#669,#344,.T.);
#923=EDGE_CURVE('',#713,#668,#345,.T.);
#924=EDGE_CURVE('',#707,#667,#346,.T.);
#925=EDGE_CURVE('',#698,#674,#347,.T.);
#926=EDGE_CURVE('',#700,#681,#348,.T.);
#927=EDGE_CURVE('',#701,#680,#349,.T.);
#928=EDGE_CURVE('',#702,#679,#350,.T.);
#929=EDGE_CURVE('',#703,#678,#351,.T.);
#930=EDGE_CURVE('',#704,#677,#352,.T.);
#931=EDGE_CURVE('',#705,#676,#353,.T.);
#932=EDGE_CURVE('',#699,#675,#354,.T.);
#933=EDGE_CURVE('',#690,#682,#355,.T.);
#934=EDGE_CURVE('',#692,#689,#356,.T.);
#935=EDGE_CURVE('',#693,#688,#357,.T.);
#936=EDGE_CURVE('',#694,#687,#358,.T.);
#937=EDGE_CURVE('',#695,#686,#359,.T.);
#938=EDGE_CURVE('',#696,#685,#360,.T.);
#939=EDGE_CURVE('',#697,#684,#361,.T.);
#940=EDGE_CURVE('',#691,#683,#362,.T.);
#941=ORIENTED_EDGE('',*,*,#722,.T.);
#942=ORIENTED_EDGE('',*,*,#723,.T.);
#943=ORIENTED_EDGE('',*,*,#724,.T.);
#944=ORIENTED_EDGE('',*,*,#725,.T.);
#945=ORIENTED_EDGE('',*,*,#726,.T.);
#946=ORIENTED_EDGE('',*,*,#727,.T.);
#947=ORIENTED_EDGE('',*,*,#728,.T.);
#948=ORIENTED_EDGE('',*,*,#729,.T.);
#949=ORIENTED_EDGE('',*,*,#724,.F.);
#950=ORIENTED_EDGE('',*,*,#730,.T.);
#951=ORIENTED_EDGE('',*,*,#731,.T.);
#952=ORIENTED_EDGE('',*,*,#732,.T.);
#953=ORIENTED_EDGE('',*,*,#728,.F.);
#954=ORIENTED_EDGE('',*,*,#733,.T.);
#955=ORIENTED_EDGE('',*,*,#734,.T.);
#956=ORIENTED_EDGE('',*,*,#735,.T.);
#957=ORIENTED_EDGE('',*,*,#736,.T.);
#958=ORIENTED_EDGE('',*,*,#737,.T.);
#959=ORIENTED_EDGE('',*,*,#731,.F.);
#960=ORIENTED_EDGE('',*,*,#738,.T.);
#961=ORIENTED_EDGE('',*,*,#739,.T.);
#962=ORIENTED_EDGE('',*,*,#740,.T.);
#963=ORIENTED_EDGE('',*,*,#736,.F.);
#964=ORIENTED_EDGE('',*,*,#741,.T.);
#965=ORIENTED_EDGE('',*,*,#742,.T.);
#966=ORIENTED_EDGE('',*,*,#743,.T.);
#967=ORIENTED_EDGE('',*,*,#744,.T.);
#968=ORIENTED_EDGE('',*,*,#745,.T.);
#969=ORIENTED_EDGE('',*,*,#739,.F.);
#970=ORIENTED_EDGE('',*,*,#746,.T.);
#971=ORIENTED_EDGE('',*,*,#747,.T.);
#972=ORIENTED_EDGE('',*,*,#748,.T.);
#973=ORIENTED_EDGE('',*,*,#744,.F.);
#974=ORIENTED_EDGE('',*,*,#749,.T.);
#975=ORIENTED_EDGE('',*,*,#750,.T.);
#976=ORIENTED_EDGE('',*,*,#751,.T.);
#977=ORIENTED_EDGE('',*,*,#722,.F.);
#978=ORIENTED_EDGE('',*,*,#752,.T.);
#979=ORIENTED_EDGE('',*,*,#747,.F.);
#980=ORIENTED_EDGE('',*,*,#753,.T.);
#981=ORIENTED_EDGE('',*,*,#745,.F.);
#982=ORIENTED_EDGE('',*,*,#754,.T.);
#983=ORIENTED_EDGE('',*,*,#755,.T.);
#984=ORIENTED_EDGE('',*,*,#756,.T.);
#985=ORIENTED_EDGE('',*,*,#748,.F.);
#986=ORIENTED_EDGE('',*,*,#757,.F.);
#987=ORIENTED_EDGE('',*,*,#758,.F.);
#988=ORIENTED_EDGE('',*,*,#754,.F.);
#989=ORIENTED_EDGE('',*,*,#752,.F.);
#990=ORIENTED_EDGE('',*,*,#759,.T.);
#991=ORIENTED_EDGE('',*,*,#760,.T.);
#992=ORIENTED_EDGE('',*,*,#757,.T.);
#993=ORIENTED_EDGE('',*,*,#725,.F.);
#994=ORIENTED_EDGE('',*,*,#761,.F.);
#995=ORIENTED_EDGE('',*,*,#762,.F.);
#996=ORIENTED_EDGE('',*,*,#759,.F.);
#997=ORIENTED_EDGE('',*,*,#763,.F.);
#998=ORIENTED_EDGE('',*,*,#764,.T.);
#999=ORIENTED_EDGE('',*,*,#765,.T.);
#1000=ORIENTED_EDGE('',*,*,#726,.F.);
#1001=ORIENTED_EDGE('',*,*,#766,.T.);
#1002=ORIENTED_EDGE('',*,*,#764,.F.);
#1003=ORIENTED_EDGE('',*,*,#738,.F.);
#1004=ORIENTED_EDGE('',*,*,#733,.F.);
#1005=ORIENTED_EDGE('',*,*,#727,.F.);
#1006=ORIENTED_EDGE('',*,*,#765,.F.);
#1007=ORIENTED_EDGE('',*,*,#766,.F.);
#1008=ORIENTED_EDGE('',*,*,#730,.F.);
#1009=ORIENTED_EDGE('',*,*,#723,.F.);
#1010=ORIENTED_EDGE('',*,*,#751,.F.);
#1011=ORIENTED_EDGE('',*,*,#767,.F.);
#1012=ORIENTED_EDGE('',*,*,#768,.F.);
#1013=ORIENTED_EDGE('',*,*,#753,.F.);
#1014=ORIENTED_EDGE('',*,*,#749,.F.);
#1015=ORIENTED_EDGE('',*,*,#743,.F.);
#1016=ORIENTED_EDGE('',*,*,#769,.F.);
#1017=ORIENTED_EDGE('',*,*,#770,.F.);
#1018=ORIENTED_EDGE('',*,*,#746,.F.);
#1019=ORIENTED_EDGE('',*,*,#741,.F.);
#1020=ORIENTED_EDGE('',*,*,#735,.F.);
#1021=ORIENTED_EDGE('',*,*,#771,.F.);
#1022=ORIENTED_EDGE('',*,*,#772,.F.);
#1023=ORIENTED_EDGE('',*,*,#773,.F.);
#1024=ORIENTED_EDGE('',*,*,#774,.T.);
#1025=ORIENTED_EDGE('',*,*,#767,.T.);
#1026=ORIENTED_EDGE('',*,*,#750,.F.);
#1027=ORIENTED_EDGE('',*,*,#768,.T.);
#1028=ORIENTED_EDGE('',*,*,#774,.F.);
#1029=ORIENTED_EDGE('',*,*,#737,.F.);
#1030=ORIENTED_EDGE('',*,*,#775,.T.);
#1031=ORIENTED_EDGE('',*,*,#776,.T.);
#1032=ORIENTED_EDGE('',*,*,#777,.T.);
#1033=ORIENTED_EDGE('',*,*,#778,.F.);
#1034=ORIENTED_EDGE('',*,*,#779,.T.);
#1035=ORIENTED_EDGE('',*,*,#771,.T.);
#1036=ORIENTED_EDGE('',*,*,#734,.F.);
#1037=ORIENTED_EDGE('',*,*,#772,.T.);
#1038=ORIENTED_EDGE('',*,*,#779,.F.);
#1039=ORIENTED_EDGE('',*,*,#780,.F.);
#1040=ORIENTED_EDGE('',*,*,#781,.T.);
#1041=ORIENTED_EDGE('',*,*,#769,.T.);
#1042=ORIENTED_EDGE('',*,*,#742,.F.);
#1043=ORIENTED_EDGE('',*,*,#770,.T.);
#1044=ORIENTED_EDGE('',*,*,#781,.F.);
#1045=ORIENTED_EDGE('',*,*,#729,.F.);
#1046=ORIENTED_EDGE('',*,*,#782,.T.);
#1047=ORIENTED_EDGE('',*,*,#783,.T.);
#1048=ORIENTED_EDGE('',*,*,#761,.T.);
#1049=ORIENTED_EDGE('',*,*,#740,.F.);
#1050=ORIENTED_EDGE('',*,*,#756,.F.);
#1051=ORIENTED_EDGE('',*,*,#784,.F.);
#1052=ORIENTED_EDGE('',*,*,#775,.F.);
#1053=ORIENTED_EDGE('',*,*,#732,.F.);
#1054=ORIENTED_EDGE('',*,*,#777,.F.);
#1055=ORIENTED_EDGE('',*,*,#785,.F.);
#1056=ORIENTED_EDGE('',*,*,#786,.T.);
#1057=ORIENTED_EDGE('',*,*,#787,.T.);
#1058=ORIENTED_EDGE('',*,*,#788,.T.);
#1059=ORIENTED_EDGE('',*,*,#789,.T.);
#1060=ORIENTED_EDGE('',*,*,#790,.T.);
#1061=ORIENTED_EDGE('',*,*,#791,.F.);
#1062=ORIENTED_EDGE('',*,*,#782,.F.);
#1063=ORIENTED_EDGE('',*,*,#760,.F.);
#1064=ORIENTED_EDGE('',*,*,#762,.T.);
#1065=ORIENTED_EDGE('',*,*,#783,.F.);
#1066=ORIENTED_EDGE('',*,*,#791,.T.);
#1067=ORIENTED_EDGE('',*,*,#792,.T.);
#1068=ORIENTED_EDGE('',*,*,#793,.T.);
#1069=ORIENTED_EDGE('',*,*,#794,.T.);
#1070=ORIENTED_EDGE('',*,*,#795,.T.);
#1071=ORIENTED_EDGE('',*,*,#796,.T.);
#1072=ORIENTED_EDGE('',*,*,#797,.T.);
#1073=ORIENTED_EDGE('',*,*,#798,.T.);
#1074=ORIENTED_EDGE('',*,*,#799,.F.);
#1075=ORIENTED_EDGE('',*,*,#800,.T.);
#1076=ORIENTED_EDGE('',*,*,#785,.T.);
#1077=ORIENTED_EDGE('',*,*,#776,.F.);
#1078=ORIENTED_EDGE('',*,*,#784,.T.);
#1079=ORIENTED_EDGE('',*,*,#755,.F.);
#1080=ORIENTED_EDGE('',*,*,#758,.T.);
#1081=ORIENTED_EDGE('',*,*,#778,.T.);
#1082=ORIENTED_EDGE('',*,*,#773,.T.);
#1083=ORIENTED_EDGE('',*,*,#780,.T.);
#1084=ORIENTED_EDGE('',*,*,#763,.T.);
#1085=ORIENTED_EDGE('',*,*,#801,.F.);
#1086=ORIENTED_EDGE('',*,*,#802,.F.);
#1087=ORIENTED_EDGE('',*,*,#787,.F.);
#1088=ORIENTED_EDGE('',*,*,#803,.T.);
#1089=ORIENTED_EDGE('',*,*,#804,.F.);
#1090=ORIENTED_EDGE('',*,*,#803,.F.);
#1091=ORIENTED_EDGE('',*,*,#786,.F.);
#1092=ORIENTED_EDGE('',*,*,#800,.F.);
#1093=ORIENTED_EDGE('',*,*,#799,.T.);
#1094=ORIENTED_EDGE('',*,*,#805,.F.);
#1095=ORIENTED_EDGE('',*,*,#806,.F.);
#1096=ORIENTED_EDGE('',*,*,#789,.F.);
#1097=ORIENTED_EDGE('',*,*,#807,.T.);
#1098=ORIENTED_EDGE('',*,*,#808,.F.);
#1099=ORIENTED_EDGE('',*,*,#793,.F.);
#1100=ORIENTED_EDGE('',*,*,#792,.F.);
#1101=ORIENTED_EDGE('',*,*,#790,.F.);
#1102=ORIENTED_EDGE('',*,*,#806,.T.);
#1103=ORIENTED_EDGE('',*,*,#805,.T.);
#1104=ORIENTED_EDGE('',*,*,#809,.T.);
#1105=ORIENTED_EDGE('',*,*,#810,.T.);
#1106=ORIENTED_EDGE('',*,*,#794,.F.);
#1107=ORIENTED_EDGE('',*,*,#808,.T.);
#1108=ORIENTED_EDGE('',*,*,#801,.T.);
#1109=ORIENTED_EDGE('',*,*,#804,.T.);
#1110=ORIENTED_EDGE('',*,*,#798,.F.);
#1111=ORIENTED_EDGE('',*,*,#811,.F.);
#1112=ORIENTED_EDGE('',*,*,#812,.T.);
#1113=ORIENTED_EDGE('',*,*,#812,.F.);
#1114=ORIENTED_EDGE('',*,*,#813,.F.);
#1115=ORIENTED_EDGE('',*,*,#814,.F.);
#1116=ORIENTED_EDGE('',*,*,#815,.F.);
#1117=ORIENTED_EDGE('',*,*,#809,.F.);
#1118=ORIENTED_EDGE('',*,*,#807,.F.);
#1119=ORIENTED_EDGE('',*,*,#788,.F.);
#1120=ORIENTED_EDGE('',*,*,#802,.T.);
#1121=ORIENTED_EDGE('',*,*,#814,.T.);
#1122=ORIENTED_EDGE('',*,*,#816,.T.);
#1123=ORIENTED_EDGE('',*,*,#796,.F.);
#1124=ORIENTED_EDGE('',*,*,#817,.F.);
#1125=ORIENTED_EDGE('',*,*,#813,.T.);
#1126=ORIENTED_EDGE('',*,*,#811,.T.);
#1127=ORIENTED_EDGE('',*,*,#797,.F.);
#1128=ORIENTED_EDGE('',*,*,#816,.F.);
#1129=ORIENTED_EDGE('',*,*,#815,.T.);
#1130=ORIENTED_EDGE('',*,*,#817,.T.);
#1131=ORIENTED_EDGE('',*,*,#795,.F.);
#1132=ORIENTED_EDGE('',*,*,#810,.F.);
#1133=ORIENTED_EDGE('',*,*,#818,.F.);
#1134=ORIENTED_EDGE('',*,*,#819,.T.);
#1135=ORIENTED_EDGE('',*,*,#820,.F.);
#1136=ORIENTED_EDGE('',*,*,#819,.F.);
#1137=ORIENTED_EDGE('',*,*,#821,.T.);
#1138=ORIENTED_EDGE('',*,*,#822,.T.);
#1139=ORIENTED_EDGE('',*,*,#823,.T.);
#1140=ORIENTED_EDGE('',*,*,#824,.T.);
#1141=ORIENTED_EDGE('',*,*,#825,.T.);
#1142=ORIENTED_EDGE('',*,*,#826,.F.);
#1143=ORIENTED_EDGE('',*,*,#823,.F.);
#1144=ORIENTED_EDGE('',*,*,#827,.T.);
#1145=ORIENTED_EDGE('',*,*,#825,.F.);
#1146=ORIENTED_EDGE('',*,*,#828,.T.);
#1147=ORIENTED_EDGE('',*,*,#829,.T.);
#1148=ORIENTED_EDGE('',*,*,#830,.T.);
#1149=ORIENTED_EDGE('',*,*,#831,.T.);
#1150=ORIENTED_EDGE('',*,*,#832,.F.);
#1151=ORIENTED_EDGE('',*,*,#829,.F.);
#1152=ORIENTED_EDGE('',*,*,#833,.T.);
#1153=ORIENTED_EDGE('',*,*,#831,.F.);
#1154=ORIENTED_EDGE('',*,*,#834,.T.);
#1155=ORIENTED_EDGE('',*,*,#835,.T.);
#1156=ORIENTED_EDGE('',*,*,#836,.T.);
#1157=ORIENTED_EDGE('',*,*,#837,.T.);
#1158=ORIENTED_EDGE('',*,*,#838,.F.);
#1159=ORIENTED_EDGE('',*,*,#835,.F.);
#1160=ORIENTED_EDGE('',*,*,#839,.T.);
#1161=ORIENTED_EDGE('',*,*,#837,.F.);
#1162=ORIENTED_EDGE('',*,*,#840,.T.);
#1163=ORIENTED_EDGE('',*,*,#841,.T.);
#1164=ORIENTED_EDGE('',*,*,#842,.T.);
#1165=ORIENTED_EDGE('',*,*,#821,.F.);
#1166=ORIENTED_EDGE('',*,*,#843,.F.);
#1167=ORIENTED_EDGE('',*,*,#841,.F.);
#1168=ORIENTED_EDGE('',*,*,#844,.T.);
#1169=ORIENTED_EDGE('',*,*,#822,.F.);
#1170=ORIENTED_EDGE('',*,*,#844,.F.);
#1171=ORIENTED_EDGE('',*,*,#840,.F.);
#1172=ORIENTED_EDGE('',*,*,#839,.F.);
#1173=ORIENTED_EDGE('',*,*,#834,.F.);
#1174=ORIENTED_EDGE('',*,*,#833,.F.);
#1175=ORIENTED_EDGE('',*,*,#828,.F.);
#1176=ORIENTED_EDGE('',*,*,#827,.F.);
#1177=ORIENTED_EDGE('',*,*,#818,.T.);
#1178=ORIENTED_EDGE('',*,*,#845,.T.);
#1179=ORIENTED_EDGE('',*,*,#846,.T.);
#1180=ORIENTED_EDGE('',*,*,#847,.T.);
#1181=ORIENTED_EDGE('',*,*,#848,.T.);
#1182=ORIENTED_EDGE('',*,*,#849,.T.);
#1183=ORIENTED_EDGE('',*,*,#850,.T.);
#1184=ORIENTED_EDGE('',*,*,#851,.T.);
#1185=ORIENTED_EDGE('',*,*,#852,.T.);
#1186=ORIENTED_EDGE('',*,*,#853,.T.);
#1187=ORIENTED_EDGE('',*,*,#854,.T.);
#1188=ORIENTED_EDGE('',*,*,#855,.T.);
#1189=ORIENTED_EDGE('',*,*,#856,.T.);
#1190=ORIENTED_EDGE('',*,*,#857,.T.);
#1191=ORIENTED_EDGE('',*,*,#858,.T.);
#1192=ORIENTED_EDGE('',*,*,#859,.T.);
#1193=ORIENTED_EDGE('',*,*,#860,.T.);
#1194=ORIENTED_EDGE('',*,*,#861,.T.);
#1195=ORIENTED_EDGE('',*,*,#862,.T.);
#1196=ORIENTED_EDGE('',*,*,#863,.T.);
#1197=ORIENTED_EDGE('',*,*,#864,.T.);
#1198=ORIENTED_EDGE('',*,*,#865,.T.);
#1199=ORIENTED_EDGE('',*,*,#866,.T.);
#1200=ORIENTED_EDGE('',*,*,#867,.T.);
#1201=ORIENTED_EDGE('',*,*,#868,.T.);
#1202=ORIENTED_EDGE('',*,*,#869,.T.);
#1203=ORIENTED_EDGE('',*,*,#870,.T.);
#1204=ORIENTED_EDGE('',*,*,#871,.T.);
#1205=ORIENTED_EDGE('',*,*,#872,.T.);
#1206=ORIENTED_EDGE('',*,*,#873,.T.);
#1207=ORIENTED_EDGE('',*,*,#874,.T.);
#1208=ORIENTED_EDGE('',*,*,#875,.T.);
#1209=ORIENTED_EDGE('',*,*,#876,.T.);
#1210=ORIENTED_EDGE('',*,*,#824,.F.);
#1211=ORIENTED_EDGE('',*,*,#826,.T.);
#1212=ORIENTED_EDGE('',*,*,#830,.F.);
#1213=ORIENTED_EDGE('',*,*,#832,.T.);
#1214=ORIENTED_EDGE('',*,*,#836,.F.);
#1215=ORIENTED_EDGE('',*,*,#838,.T.);
#1216=ORIENTED_EDGE('',*,*,#842,.F.);
#1217=ORIENTED_EDGE('',*,*,#843,.T.);
#1218=ORIENTED_EDGE('',*,*,#820,.T.);
#1219=ORIENTED_EDGE('',*,*,#877,.F.);
#1220=ORIENTED_EDGE('',*,*,#878,.F.);
#1221=ORIENTED_EDGE('',*,*,#879,.F.);
#1222=ORIENTED_EDGE('',*,*,#880,.F.);
#1223=ORIENTED_EDGE('',*,*,#881,.F.);
#1224=ORIENTED_EDGE('',*,*,#882,.F.);
#1225=ORIENTED_EDGE('',*,*,#883,.F.);
#1226=ORIENTED_EDGE('',*,*,#884,.F.);
#1227=ORIENTED_EDGE('',*,*,#885,.F.);
#1228=ORIENTED_EDGE('',*,*,#886,.F.);
#1229=ORIENTED_EDGE('',*,*,#887,.F.);
#1230=ORIENTED_EDGE('',*,*,#888,.F.);
#1231=ORIENTED_EDGE('',*,*,#889,.F.);
#1232=ORIENTED_EDGE('',*,*,#890,.F.);
#1233=ORIENTED_EDGE('',*,*,#891,.F.);
#1234=ORIENTED_EDGE('',*,*,#892,.F.);
#1235=ORIENTED_EDGE('',*,*,#893,.F.);
#1236=ORIENTED_EDGE('',*,*,#894,.F.);
#1237=ORIENTED_EDGE('',*,*,#895,.F.);
#1238=ORIENTED_EDGE('',*,*,#896,.F.);
#1239=ORIENTED_EDGE('',*,*,#897,.F.);
#1240=ORIENTED_EDGE('',*,*,#898,.F.);
#1241=ORIENTED_EDGE('',*,*,#899,.F.);
#1242=ORIENTED_EDGE('',*,*,#900,.F.);
#1243=ORIENTED_EDGE('',*,*,#901,.F.);
#1244=ORIENTED_EDGE('',*,*,#902,.F.);
#1245=ORIENTED_EDGE('',*,*,#903,.F.);
#1246=ORIENTED_EDGE('',*,*,#904,.F.);
#1247=ORIENTED_EDGE('',*,*,#905,.F.);
#1248=ORIENTED_EDGE('',*,*,#906,.F.);
#1249=ORIENTED_EDGE('',*,*,#907,.F.);
#1250=ORIENTED_EDGE('',*,*,#908,.F.);
#1251=ORIENTED_EDGE('',*,*,#902,.T.);
#1252=ORIENTED_EDGE('',*,*,#909,.T.);
#1253=ORIENTED_EDGE('',*,*,#852,.F.);
#1254=ORIENTED_EDGE('',*,*,#910,.F.);
#1255=ORIENTED_EDGE('',*,*,#903,.T.);
#1256=ORIENTED_EDGE('',*,*,#910,.T.);
#1257=ORIENTED_EDGE('',*,*,#851,.F.);
#1258=ORIENTED_EDGE('',*,*,#911,.F.);
#1259=ORIENTED_EDGE('',*,*,#904,.T.);
#1260=ORIENTED_EDGE('',*,*,#911,.T.);
#1261=ORIENTED_EDGE('',*,*,#850,.F.);
#1262=ORIENTED_EDGE('',*,*,#912,.F.);
#1263=ORIENTED_EDGE('',*,*,#905,.T.);
#1264=ORIENTED_EDGE('',*,*,#912,.T.);
#1265=ORIENTED_EDGE('',*,*,#849,.F.);
#1266=ORIENTED_EDGE('',*,*,#913,.F.);
#1267=ORIENTED_EDGE('',*,*,#906,.T.);
#1268=ORIENTED_EDGE('',*,*,#913,.T.);
#1269=ORIENTED_EDGE('',*,*,#848,.F.);
#1270=ORIENTED_EDGE('',*,*,#914,.F.);
#1271=ORIENTED_EDGE('',*,*,#907,.T.);
#1272=ORIENTED_EDGE('',*,*,#914,.T.);
#1273=ORIENTED_EDGE('',*,*,#847,.F.);
#1274=ORIENTED_EDGE('',*,*,#915,.F.);
#1275=ORIENTED_EDGE('',*,*,#908,.T.);
#1276=ORIENTED_EDGE('',*,*,#915,.T.);
#1277=ORIENTED_EDGE('',*,*,#846,.F.);
#1278=ORIENTED_EDGE('',*,*,#916,.F.);
#1279=ORIENTED_EDGE('',*,*,#901,.T.);
#1280=ORIENTED_EDGE('',*,*,#916,.T.);
#1281=ORIENTED_EDGE('',*,*,#845,.F.);
#1282=ORIENTED_EDGE('',*,*,#909,.F.);
#1283=ORIENTED_EDGE('',*,*,#894,.T.);
#1284=ORIENTED_EDGE('',*,*,#917,.T.);
#1285=ORIENTED_EDGE('',*,*,#860,.F.);
#1286=ORIENTED_EDGE('',*,*,#918,.F.);
#1287=ORIENTED_EDGE('',*,*,#895,.T.);
#1288=ORIENTED_EDGE('',*,*,#918,.T.);
#1289=ORIENTED_EDGE('',*,*,#859,.F.);
#1290=ORIENTED_EDGE('',*,*,#919,.F.);
#1291=ORIENTED_EDGE('',*,*,#896,.T.);
#1292=ORIENTED_EDGE('',*,*,#919,.T.);
#1293=ORIENTED_EDGE('',*,*,#858,.F.);
#1294=ORIENTED_EDGE('',*,*,#920,.F.);
#1295=ORIENTED_EDGE('',*,*,#897,.T.);
#1296=ORIENTED_EDGE('',*,*,#920,.T.);
#1297=ORIENTED_EDGE('',*,*,#857,.F.);
#1298=ORIENTED_EDGE('',*,*,#921,.F.);
#1299=ORIENTED_EDGE('',*,*,#898,.T.);
#1300=ORIENTED_EDGE('',*,*,#921,.T.);
#1301=ORIENTED_EDGE('',*,*,#856,.F.);
#1302=ORIENTED_EDGE('',*,*,#922,.F.);
#1303=ORIENTED_EDGE('',*,*,#899,.T.);
#1304=ORIENTED_EDGE('',*,*,#922,.T.);
#1305=ORIENTED_EDGE('',*,*,#855,.F.);
#1306=ORIENTED_EDGE('',*,*,#923,.F.);
#1307=ORIENTED_EDGE('',*,*,#900,.T.);
#1308=ORIENTED_EDGE('',*,*,#923,.T.);
#1309=ORIENTED_EDGE('',*,*,#854,.F.);
#1310=ORIENTED_EDGE('',*,*,#924,.F.);
#1311=ORIENTED_EDGE('',*,*,#893,.T.);
#1312=ORIENTED_EDGE('',*,*,#924,.T.);
#1313=ORIENTED_EDGE('',*,*,#853,.F.);
#1314=ORIENTED_EDGE('',*,*,#917,.F.);
#1315=ORIENTED_EDGE('',*,*,#886,.T.);
#1316=ORIENTED_EDGE('',*,*,#925,.T.);
#1317=ORIENTED_EDGE('',*,*,#868,.F.);
#1318=ORIENTED_EDGE('',*,*,#926,.F.);
#1319=ORIENTED_EDGE('',*,*,#887,.T.);
#1320=ORIENTED_EDGE('',*,*,#926,.T.);
#1321=ORIENTED_EDGE('',*,*,#867,.F.);
#1322=ORIENTED_EDGE('',*,*,#927,.F.);
#1323=ORIENTED_EDGE('',*,*,#888,.T.);
#1324=ORIENTED_EDGE('',*,*,#927,.T.);
#1325=ORIENTED_EDGE('',*,*,#866,.F.);
#1326=ORIENTED_EDGE('',*,*,#928,.F.);
#1327=ORIENTED_EDGE('',*,*,#889,.T.);
#1328=ORIENTED_EDGE('',*,*,#928,.T.);
#1329=ORIENTED_EDGE('',*,*,#865,.F.);
#1330=ORIENTED_EDGE('',*,*,#929,.F.);
#1331=ORIENTED_EDGE('',*,*,#890,.T.);
#1332=ORIENTED_EDGE('',*,*,#929,.T.);
#1333=ORIENTED_EDGE('',*,*,#864,.F.);
#1334=ORIENTED_EDGE('',*,*,#930,.F.);
#1335=ORIENTED_EDGE('',*,*,#891,.T.);
#1336=ORIENTED_EDGE('',*,*,#930,.T.);
#1337=ORIENTED_EDGE('',*,*,#863,.F.);
#1338=ORIENTED_EDGE('',*,*,#931,.F.);
#1339=ORIENTED_EDGE('',*,*,#892,.T.);
#1340=ORIENTED_EDGE('',*,*,#931,.T.);
#1341=ORIENTED_EDGE('',*,*,#862,.F.);
#1342=ORIENTED_EDGE('',*,*,#932,.F.);
#1343=ORIENTED_EDGE('',*,*,#885,.T.);
#1344=ORIENTED_EDGE('',*,*,#932,.T.);
#1345=ORIENTED_EDGE('',*,*,#861,.F.);
#1346=ORIENTED_EDGE('',*,*,#925,.F.);
#1347=ORIENTED_EDGE('',*,*,#878,.T.);
#1348=ORIENTED_EDGE('',*,*,#933,.T.);
#1349=ORIENTED_EDGE('',*,*,#876,.F.);
#1350=ORIENTED_EDGE('',*,*,#934,.F.);
#1351=ORIENTED_EDGE('',*,*,#879,.T.);
#1352=ORIENTED_EDGE('',*,*,#934,.T.);
#1353=ORIENTED_EDGE('',*,*,#875,.F.);
#1354=ORIENTED_EDGE('',*,*,#935,.F.);
#1355=ORIENTED_EDGE('',*,*,#880,.T.);
#1356=ORIENTED_EDGE('',*,*,#935,.T.);
#1357=ORIENTED_EDGE('',*,*,#874,.F.);
#1358=ORIENTED_EDGE('',*,*,#936,.F.);
#1359=ORIENTED_EDGE('',*,*,#881,.T.);
#1360=ORIENTED_EDGE('',*,*,#936,.T.);
#1361=ORIENTED_EDGE('',*,*,#873,.F.);
#1362=ORIENTED_EDGE('',*,*,#937,.F.);
#1363=ORIENTED_EDGE('',*,*,#882,.T.);
#1364=ORIENTED_EDGE('',*,*,#937,.T.);
#1365=ORIENTED_EDGE('',*,*,#872,.F.);
#1366=ORIENTED_EDGE('',*,*,#938,.F.);
#1367=ORIENTED_EDGE('',*,*,#883,.T.);
#1368=ORIENTED_EDGE('',*,*,#938,.T.);
#1369=ORIENTED_EDGE('',*,*,#871,.F.);
#1370=ORIENTED_EDGE('',*,*,#939,.F.);
#1371=ORIENTED_EDGE('',*,*,#884,.T.);
#1372=ORIENTED_EDGE('',*,*,#939,.T.);
#1373=ORIENTED_EDGE('',*,*,#870,.F.);
#1374=ORIENTED_EDGE('',*,*,#940,.F.);
#1375=ORIENTED_EDGE('',*,*,#877,.T.);
#1376=ORIENTED_EDGE('',*,*,#940,.T.);
#1377=ORIENTED_EDGE('',*,*,#869,.F.);
#1378=ORIENTED_EDGE('',*,*,#933,.F.);
#1379=CYLINDRICAL_SURFACE('',#1492,3.);
#1380=CYLINDRICAL_SURFACE('',#1500,3.);
#1381=CYLINDRICAL_SURFACE('',#1507,3.);
#1382=CYLINDRICAL_SURFACE('',#1514,3.);
#1383=CYLINDRICAL_SURFACE('',#1520,7.);
#1384=CYLINDRICAL_SURFACE('',#1523,7.);
#1385=CYLINDRICAL_SURFACE('',#1526,1.41421358344652);
#1386=CYLINDRICAL_SURFACE('',#1537,1.41421358344652);
#1387=CYLINDRICAL_SURFACE('',#1539,7.);
#1388=CYLINDRICAL_SURFACE('',#1541,1.41421358344652);
#1389=CYLINDRICAL_SURFACE('',#1543,1.42080496089871);
#1390=CYLINDRICAL_SURFACE('',#1545,7.);
#1391=CYLINDRICAL_SURFACE('',#1554,2.);
#1392=CYLINDRICAL_SURFACE('',#1557,2.);
#1393=CYLINDRICAL_SURFACE('',#1565,7.81024979228844);
#1394=CYLINDRICAL_SURFACE('',#1573,3.);
#1395=CYLINDRICAL_SURFACE('',#1579,3.);
#1396=CYLINDRICAL_SURFACE('',#1585,3.);
#1397=CYLINDRICAL_SURFACE('',#1591,3.);
#1398=CYLINDRICAL_SURFACE('',#1627,2.00000000000002);
#1399=CYLINDRICAL_SURFACE('',#1629,2.00000000000001);
#1400=CYLINDRICAL_SURFACE('',#1631,2.);
#1401=CYLINDRICAL_SURFACE('',#1633,2.00000000000001);
#1402=CYLINDRICAL_SURFACE('',#1635,2.);
#1403=CYLINDRICAL_SURFACE('',#1637,2.);
#1404=CYLINDRICAL_SURFACE('',#1639,2.);
#1405=CYLINDRICAL_SURFACE('',#1641,2.);
#1406=CYLINDRICAL_SURFACE('',#1643,2.);
#1407=CYLINDRICAL_SURFACE('',#1645,2.);
#1408=CYLINDRICAL_SURFACE('',#1647,2.);
#1409=CYLINDRICAL_SURFACE('',#1649,2.);
#1410=CYLINDRICAL_SURFACE('',#1651,2.);
#1411=CYLINDRICAL_SURFACE('',#1653,2.);
#1412=CYLINDRICAL_SURFACE('',#1655,2.);
#1413=CYLINDRICAL_SURFACE('',#1657,2.);
#1414=ADVANCED_FACE('',(#75),#1379,.T.);
#1415=ADVANCED_FACE('',(#76),#67,.T.);
#1416=ADVANCED_FACE('',(#77),#1380,.T.);
#1417=ADVANCED_FACE('',(#78),#68,.T.);
#1418=ADVANCED_FACE('',(#79),#1381,.T.);
#1419=ADVANCED_FACE('',(#80),#69,.T.);
#1420=ADVANCED_FACE('',(#81),#1382,.T.);
#1421=ADVANCED_FACE('',(#82),#70,.T.);
#1422=ADVANCED_FACE('',(#83),#1383,.T.);
#1423=ADVANCED_FACE('',(#84),#31,.T.);
#1424=ADVANCED_FACE('',(#85),#1384,.T.);
#1425=ADVANCED_FACE('',(#86),#32,.T.);
#1426=ADVANCED_FACE('',(#87),#1385,.F.);
#1427=ADVANCED_FACE('',(#88),#33,.F.);
#1428=ADVANCED_FACE('',(#89),#1386,.F.);
#1429=ADVANCED_FACE('',(#90),#1387,.T.);
#1430=ADVANCED_FACE('',(#91),#1388,.F.);
#1431=ADVANCED_FACE('',(#92),#1389,.F.);
#1432=ADVANCED_FACE('',(#93),#1390,.T.);
#1433=ADVANCED_FACE('',(#94),#34,.T.);
#1434=ADVANCED_FACE('',(#95),#35,.T.);
#1435=ADVANCED_FACE('',(#96,#17,#18,#19,#20),#36,.T.);
#1436=ADVANCED_FACE('',(#97),#37,.F.);
#1437=ADVANCED_FACE('',(#98),#1391,.F.);
#1438=ADVANCED_FACE('',(#99),#38,.F.);
#1439=ADVANCED_FACE('',(#100),#1392,.F.);
#1440=ADVANCED_FACE('',(#101),#39,.T.);
#1441=ADVANCED_FACE('',(#102),#40,.T.);
#1442=ADVANCED_FACE('',(#103),#41,.T.);
#1443=ADVANCED_FACE('',(#104),#42,.T.);
#1444=ADVANCED_FACE('',(#105),#43,.T.);
#1445=ADVANCED_FACE('',(#106),#44,.T.);
#1446=ADVANCED_FACE('',(#107),#1393,.F.);
#1447=ADVANCED_FACE('',(#108),#71,.T.);
#1448=ADVANCED_FACE('',(#109),#1394,.T.);
#1449=ADVANCED_FACE('',(#110),#72,.T.);
#1450=ADVANCED_FACE('',(#111),#1395,.T.);
#1451=ADVANCED_FACE('',(#112),#73,.T.);
#1452=ADVANCED_FACE('',(#113),#1396,.T.);
#1453=ADVANCED_FACE('',(#114),#74,.T.);
#1454=ADVANCED_FACE('',(#115),#1397,.T.);
#1455=ADVANCED_FACE('',(#116,#21,#22,#23,#24,#25),#45,.T.);
#1456=ADVANCED_FACE('',(#117,#26,#27,#28,#29,#30),#46,.F.);
#1457=ADVANCED_FACE('',(#118),#47,.T.);
#1458=ADVANCED_FACE('',(#119),#1398,.F.);
#1459=ADVANCED_FACE('',(#120),#48,.T.);
#1460=ADVANCED_FACE('',(#121),#1399,.F.);
#1461=ADVANCED_FACE('',(#122),#49,.T.);
#1462=ADVANCED_FACE('',(#123),#1400,.F.);
#1463=ADVANCED_FACE('',(#124),#50,.T.);
#1464=ADVANCED_FACE('',(#125),#1401,.F.);
#1465=ADVANCED_FACE('',(#126),#51,.T.);
#1466=ADVANCED_FACE('',(#127),#1402,.F.);
#1467=ADVANCED_FACE('',(#128),#52,.T.);
#1468=ADVANCED_FACE('',(#129),#1403,.F.);
#1469=ADVANCED_FACE('',(#130),#53,.T.);
#1470=ADVANCED_FACE('',(#131),#1404,.F.);
#1471=ADVANCED_FACE('',(#132),#54,.T.);
#1472=ADVANCED_FACE('',(#133),#1405,.F.);
#1473=ADVANCED_FACE('',(#134),#55,.T.);
#1474=ADVANCED_FACE('',(#135),#1406,.F.);
#1475=ADVANCED_FACE('',(#136),#56,.T.);
#1476=ADVANCED_FACE('',(#137),#1407,.F.);
#1477=ADVANCED_FACE('',(#138),#57,.T.);
#1478=ADVANCED_FACE('',(#139),#1408,.F.);
#1479=ADVANCED_FACE('',(#140),#58,.T.);
#1480=ADVANCED_FACE('',(#141),#1409,.F.);
#1481=ADVANCED_FACE('',(#142),#59,.T.);
#1482=ADVANCED_FACE('',(#143),#1410,.F.);
#1483=ADVANCED_FACE('',(#144),#60,.T.);
#1484=ADVANCED_FACE('',(#145),#1411,.F.);
#1485=ADVANCED_FACE('',(#146),#61,.T.);
#1486=ADVANCED_FACE('',(#147),#1412,.F.);
#1487=ADVANCED_FACE('',(#148),#62,.T.);
#1488=ADVANCED_FACE('',(#149),#1413,.F.);
#1489=CLOSED_SHELL('',(#1414,#1415,#1416,#1417,#1418,#1419,#1420,#1421,
#1422,#1423,#1424,#1425,#1426,#1427,#1428,#1429,#1430,#1431,#1432,#1433,
#1434,#1435,#1436,#1437,#1438,#1439,#1440,#1441,#1442,#1443,#1444,#1445));
#1490=CLOSED_SHELL('',(#1446,#1447,#1448,#1449,#1450,#1451,#1452,#1453,
#1454,#1455,#1456,#1457,#1458,#1459,#1460,#1461,#1462,#1463,#1464,#1465,
#1466,#1467,#1468,#1469,#1470,#1471,#1472,#1473,#1474,#1475,#1476,#1477,
#1478,#1479,#1480,#1481,#1482,#1483,#1484,#1485,#1486,#1487,#1488));
#1491=AXIS2_PLACEMENT_3D('',#2116,#1658,#1659);
#1492=AXIS2_PLACEMENT_3D('',#2117,#1660,#1661);
#1493=AXIS2_PLACEMENT_3D('',#2120,#1662,#1663);
#1494=AXIS2_PLACEMENT_3D('',#2124,#1665,#1666);
#1495=AXIS2_PLACEMENT_3D('',#2126,#1668,#1669);
#1496=AXIS2_PLACEMENT_3D('',#2142,#1670,#1671);
#1497=AXIS2_PLACEMENT_3D('',#2144,#1672,#1673);
#1498=AXIS2_PLACEMENT_3D('',#2145,#1674,#1675);
#1499=AXIS2_PLACEMENT_3D('',#2146,#1676,#1677);
#1500=AXIS2_PLACEMENT_3D('',#2147,#1678,#1679);
#1501=AXIS2_PLACEMENT_3D('',#2150,#1680,#1681);
#1502=AXIS2_PLACEMENT_3D('',#2153,#1684,#1685);
#1503=AXIS2_PLACEMENT_3D('',#2169,#1686,#1687);
#1504=AXIS2_PLACEMENT_3D('',#2171,#1688,#1689);
#1505=AXIS2_PLACEMENT_3D('',#2172,#1690,#1691);
#1506=AXIS2_PLACEMENT_3D('',#2173,#1692,#1693);
#1507=AXIS2_PLACEMENT_3D('',#2174,#1694,#1695);
#1508=AXIS2_PLACEMENT_3D('',#2177,#1696,#1697);
#1509=AXIS2_PLACEMENT_3D('',#2180,#1700,#1701);
#1510=AXIS2_PLACEMENT_3D('',#2196,#1702,#1703);
#1511=AXIS2_PLACEMENT_3D('',#2198,#1704,#1705);
#1512=AXIS2_PLACEMENT_3D('',#2199,#1706,#1707);
#1513=AXIS2_PLACEMENT_3D('',#2200,#1708,#1709);
#1514=AXIS2_PLACEMENT_3D('',#2201,#1710,#1711);
#1515=AXIS2_PLACEMENT_3D('',#2204,#1712,#1713);
#1516=AXIS2_PLACEMENT_3D('',#2207,#1716,#1717);
#1517=AXIS2_PLACEMENT_3D('',#2242,#1718,#1719);
#1518=AXIS2_PLACEMENT_3D('',#2243,#1720,#1721);
#1519=AXIS2_PLACEMENT_3D('',#2244,#1722,#1723);
#1520=AXIS2_PLACEMENT_3D('',#2245,#1724,#1725);
#1521=AXIS2_PLACEMENT_3D('',#2249,#1727,#1728);
#1522=AXIS2_PLACEMENT_3D('',#2251,#1730,#1731);
#1523=AXIS2_PLACEMENT_3D('',#2255,#1734,#1735);
#1524=AXIS2_PLACEMENT_3D('',#2258,#1737,#1738);
#1525=AXIS2_PLACEMENT_3D('',#2259,#1739,#1740);
#1526=AXIS2_PLACEMENT_3D('',#2263,#1743,#1744);
#1527=AXIS2_PLACEMENT_3D('',#2265,#1745,#1746);
#1528=AXIS2_PLACEMENT_3D('',#2268,#1748,#1749);
#1529=AXIS2_PLACEMENT_3D('',#2269,#1750,#1751);
#1530=AXIS2_PLACEMENT_3D('',#2270,#1752,#1753);
#1531=AXIS2_PLACEMENT_3D('',#2272,#1754,#1755);
#1532=AXIS2_PLACEMENT_3D('',#2273,#1756,#1757);
#1533=AXIS2_PLACEMENT_3D('',#2275,#1758,#1759);
#1534=AXIS2_PLACEMENT_3D('',#2276,#1760,#1761);
#1535=AXIS2_PLACEMENT_3D('',#2278,#1762,#1763);
#1536=AXIS2_PLACEMENT_3D('',#2279,#1764,#1765);
#1537=AXIS2_PLACEMENT_3D('',#2280,#1766,#1767);
#1538=AXIS2_PLACEMENT_3D('',#2282,#1768,#1769);
#1539=AXIS2_PLACEMENT_3D('',#2284,#1771,#1772);
#1540=AXIS2_PLACEMENT_3D('',#2288,#1774,#1775);
#1541=AXIS2_PLACEMENT_3D('',#2290,#1777,#1778);
#1542=AXIS2_PLACEMENT_3D('',#2292,#1779,#1780);
#1543=AXIS2_PLACEMENT_3D('',#2294,#1782,#1783);
#1544=AXIS2_PLACEMENT_3D('',#2296,#1784,#1785);
#1545=AXIS2_PLACEMENT_3D('',#2298,#1787,#1788);
#1546=AXIS2_PLACEMENT_3D('',#2301,#1790,#1791);
#1547=AXIS2_PLACEMENT_3D('',#2302,#1792,#1793);
#1548=AXIS2_PLACEMENT_3D('',#2304,#1795,#1796);
#1549=AXIS2_PLACEMENT_3D('',#2308,#1798,#1799);
#1550=AXIS2_PLACEMENT_3D('',#2316,#1803,#1804);
#1551=AXIS2_PLACEMENT_3D('',#2318,#1806,#1807);
#1552=AXIS2_PLACEMENT_3D('',#2335,#1816,#1817);
#1553=AXIS2_PLACEMENT_3D('',#2336,#1818,#1819);
#1554=AXIS2_PLACEMENT_3D('',#2342,#1823,#1824);
#1555=AXIS2_PLACEMENT_3D('',#2343,#1825,#1826);
#1556=AXIS2_PLACEMENT_3D('',#2344,#1827,#1828);
#1557=AXIS2_PLACEMENT_3D('',#2350,#1832,#1833);
#1558=AXIS2_PLACEMENT_3D('',#2351,#1834,#1835);
#1559=AXIS2_PLACEMENT_3D('',#2352,#1836,#1837);
#1560=AXIS2_PLACEMENT_3D('',#2356,#1840,#1841);
#1561=AXIS2_PLACEMENT_3D('',#2360,#1844,#1845);
#1562=AXIS2_PLACEMENT_3D('',#2366,#1849,#1850);
#1563=AXIS2_PLACEMENT_3D('',#2369,#1853,#1854);
#1564=AXIS2_PLACEMENT_3D('',#2370,#1855,#1856);
#1565=AXIS2_PLACEMENT_3D('',#2371,#1857,#1858);
#1566=AXIS2_PLACEMENT_3D('',#2373,#1859,#1860);
#1567=AXIS2_PLACEMENT_3D('',#2376,#1862,#1863);
#1568=AXIS2_PLACEMENT_3D('',#2377,#1864,#1865);
#1569=AXIS2_PLACEMENT_3D('',#2380,#1866,#1867);
#1570=AXIS2_PLACEMENT_3D('',#2382,#1868,#1869);
#1571=AXIS2_PLACEMENT_3D('',#2384,#1870,#1871);
#1572=AXIS2_PLACEMENT_3D('',#2385,#1872,#1873);
#1573=AXIS2_PLACEMENT_3D('',#2386,#1874,#1875);
#1574=AXIS2_PLACEMENT_3D('',#2389,#1876,#1877);
#1575=AXIS2_PLACEMENT_3D('',#2392,#1880,#1881);
#1576=AXIS2_PLACEMENT_3D('',#2394,#1882,#1883);
#1577=AXIS2_PLACEMENT_3D('',#2396,#1884,#1885);
#1578=AXIS2_PLACEMENT_3D('',#2397,#1886,#1887);
#1579=AXIS2_PLACEMENT_3D('',#2398,#1888,#1889);
#1580=AXIS2_PLACEMENT_3D('',#2401,#1890,#1891);
#1581=AXIS2_PLACEMENT_3D('',#2404,#1894,#1895);
#1582=AXIS2_PLACEMENT_3D('',#2406,#1896,#1897);
#1583=AXIS2_PLACEMENT_3D('',#2408,#1898,#1899);
#1584=AXIS2_PLACEMENT_3D('',#2409,#1900,#1901);
#1585=AXIS2_PLACEMENT_3D('',#2410,#1902,#1903);
#1586=AXIS2_PLACEMENT_3D('',#2413,#1904,#1905);
#1587=AXIS2_PLACEMENT_3D('',#2416,#1908,#1909);
#1588=AXIS2_PLACEMENT_3D('',#2418,#1910,#1911);
#1589=AXIS2_PLACEMENT_3D('',#2420,#1912,#1913);
#1590=AXIS2_PLACEMENT_3D('',#2421,#1914,#1915);
#1591=AXIS2_PLACEMENT_3D('',#2422,#1916,#1917);
#1592=AXIS2_PLACEMENT_3D('',#2425,#1920,#1921);
#1593=AXIS2_PLACEMENT_3D('',#2428,#1922,#1923);
#1594=AXIS2_PLACEMENT_3D('',#2432,#1925,#1926);
#1595=AXIS2_PLACEMENT_3D('',#2436,#1928,#1929);
#1596=AXIS2_PLACEMENT_3D('',#2440,#1931,#1932);
#1597=AXIS2_PLACEMENT_3D('',#2444,#1934,#1935);
#1598=AXIS2_PLACEMENT_3D('',#2448,#1937,#1938);
#1599=AXIS2_PLACEMENT_3D('',#2452,#1940,#1941);
#1600=AXIS2_PLACEMENT_3D('',#2456,#1943,#1944);
#1601=AXIS2_PLACEMENT_3D('',#2460,#1946,#1947);
#1602=AXIS2_PLACEMENT_3D('',#2464,#1949,#1950);
#1603=AXIS2_PLACEMENT_3D('',#2468,#1952,#1953);
#1604=AXIS2_PLACEMENT_3D('',#2472,#1955,#1956);
#1605=AXIS2_PLACEMENT_3D('',#2476,#1958,#1959);
#1606=AXIS2_PLACEMENT_3D('',#2480,#1961,#1962);
#1607=AXIS2_PLACEMENT_3D('',#2484,#1964,#1965);
#1608=AXIS2_PLACEMENT_3D('',#2488,#1967,#1968);
#1609=AXIS2_PLACEMENT_3D('',#2490,#1970,#1971);
#1610=AXIS2_PLACEMENT_3D('',#2493,#1972,#1973);
#1611=AXIS2_PLACEMENT_3D('',#2497,#1975,#1976);
#1612=AXIS2_PLACEMENT_3D('',#2501,#1978,#1979);
#1613=AXIS2_PLACEMENT_3D('',#2505,#1981,#1982);
#1614=AXIS2_PLACEMENT_3D('',#2509,#1984,#1985);
#1615=AXIS2_PLACEMENT_3D('',#2513,#1987,#1988);
#1616=AXIS2_PLACEMENT_3D('',#2517,#1990,#1991);
#1617=AXIS2_PLACEMENT_3D('',#2521,#1993,#1994);
#1618=AXIS2_PLACEMENT_3D('',#2525,#1996,#1997);
#1619=AXIS2_PLACEMENT_3D('',#2529,#1999,#2000);
#1620=AXIS2_PLACEMENT_3D('',#2533,#2002,#2003);
#1621=AXIS2_PLACEMENT_3D('',#2537,#2005,#2006);
#1622=AXIS2_PLACEMENT_3D('',#2541,#2008,#2009);
#1623=AXIS2_PLACEMENT_3D('',#2545,#2011,#2012);
#1624=AXIS2_PLACEMENT_3D('',#2549,#2014,#2015);
#1625=AXIS2_PLACEMENT_3D('',#2553,#2017,#2018);
#1626=AXIS2_PLACEMENT_3D('',#2555,#2020,#2021);
#1627=AXIS2_PLACEMENT_3D('',#2558,#2024,#2025);
#1628=AXIS2_PLACEMENT_3D('',#2560,#2027,#2028);
#1629=AXIS2_PLACEMENT_3D('',#2562,#2030,#2031);
#1630=AXIS2_PLACEMENT_3D('',#2564,#2033,#2034);
#1631=AXIS2_PLACEMENT_3D('',#2566,#2036,#2037);
#1632=AXIS2_PLACEMENT_3D('',#2568,#2039,#2040);
#1633=AXIS2_PLACEMENT_3D('',#2570,#2042,#2043);
#1634=AXIS2_PLACEMENT_3D('',#2571,#2044,#2045);
#1635=AXIS2_PLACEMENT_3D('',#2574,#2048,#2049);
#1636=AXIS2_PLACEMENT_3D('',#2576,#2051,#2052);
#1637=AXIS2_PLACEMENT_3D('',#2578,#2054,#2055);
#1638=AXIS2_PLACEMENT_3D('',#2580,#2057,#2058);
#1639=AXIS2_PLACEMENT_3D('',#2582,#2060,#2061);
#1640=AXIS2_PLACEMENT_3D('',#2584,#2063,#2064);
#1641=AXIS2_PLACEMENT_3D('',#2586,#2066,#2067);
#1642=AXIS2_PLACEMENT_3D('',#2587,#2068,#2069);
#1643=AXIS2_PLACEMENT_3D('',#2590,#2072,#2073);
#1644=AXIS2_PLACEMENT_3D('',#2592,#2075,#2076);
#1645=AXIS2_PLACEMENT_3D('',#2594,#2078,#2079);
#1646=AXIS2_PLACEMENT_3D('',#2596,#2081,#2082);
#1647=AXIS2_PLACEMENT_3D('',#2598,#2084,#2085);
#1648=AXIS2_PLACEMENT_3D('',#2600,#2087,#2088);
#1649=AXIS2_PLACEMENT_3D('',#2602,#2090,#2091);
#1650=AXIS2_PLACEMENT_3D('',#2603,#2092,#2093);
#1651=AXIS2_PLACEMENT_3D('',#2606,#2096,#2097);
#1652=AXIS2_PLACEMENT_3D('',#2608,#2099,#2100);
#1653=AXIS2_PLACEMENT_3D('',#2610,#2102,#2103);
#1654=AXIS2_PLACEMENT_3D('',#2612,#2105,#2106);
#1655=AXIS2_PLACEMENT_3D('',#2614,#2108,#2109);
#1656=AXIS2_PLACEMENT_3D('',#2616,#2111,#2112);
#1657=AXIS2_PLACEMENT_3D('',#2618,#2114,#2115);
#1658=DIRECTION('axis',(0.,0.,1.));
#1659=DIRECTION('refdir',(1.,0.,0.));
#1660=DIRECTION('center_axis',(0.,1.,0.));
#1661=DIRECTION('ref_axis',(0.707106781186547,0.,-0.707106781186548));
#1662=DIRECTION('center_axis',(0.,1.,0.));
#1663=DIRECTION('ref_axis',(1.,0.,0.));
#1664=DIRECTION('',(0.,1.,0.));
#1665=DIRECTION('center_axis',(0.,-1.,0.));
#1666=DIRECTION('ref_axis',(0.,0.,-1.));
#1667=DIRECTION('',(0.,-1.,0.));
#1668=DIRECTION('center_axis',(0.,0.,-1.));
#1669=DIRECTION('ref_axis',(-1.,0.,0.));
#1670=DIRECTION('center_axis',(0.,0.,1.));
#1671=DIRECTION('ref_axis',(0.707106781186548,0.707106781186547,0.));
#1672=DIRECTION('center_axis',(1.,0.,0.));
#1673=DIRECTION('ref_axis',(0.,0.,-1.));
#1674=DIRECTION('center_axis',(0.,0.,-1.));
#1675=DIRECTION('ref_axis',(0.707106781186548,0.707106781186547,0.));
#1676=DIRECTION('center_axis',(0.,0.,1.));
#1677=DIRECTION('ref_axis',(0.707106781186548,0.707106781186547,0.));
#1678=DIRECTION('center_axis',(1.,0.,0.));
#1679=DIRECTION('ref_axis',(0.,0.707106781186546,-0.707106781186549));
#1680=DIRECTION('center_axis',(1.,0.,0.));
#1681=DIRECTION('ref_axis',(0.,0.,-1.));
#1682=DIRECTION('',(1.,0.,0.));
#1683=DIRECTION('',(-1.,0.,0.));
#1684=DIRECTION('center_axis',(0.,0.,-1.));
#1685=DIRECTION('ref_axis',(-1.,0.,0.));
#1686=DIRECTION('center_axis',(0.,0.,1.));
#1687=DIRECTION('ref_axis',(-0.707106781186547,0.707106781186548,0.));
#1688=DIRECTION('center_axis',(1.48029736616688E-15,1.,0.));
#1689=DIRECTION('ref_axis',(0.,0.,-1.));
#1690=DIRECTION('center_axis',(0.,0.,-1.));
#1691=DIRECTION('ref_axis',(-0.707106781186547,0.707106781186548,0.));
#1692=DIRECTION('center_axis',(0.,0.,1.));
#1693=DIRECTION('ref_axis',(-0.707106781186547,0.707106781186548,0.));
#1694=DIRECTION('center_axis',(0.,1.,0.));
#1695=DIRECTION('ref_axis',(-0.707106781186546,0.,-0.707106781186549));
#1696=DIRECTION('center_axis',(0.,1.,0.));
#1697=DIRECTION('ref_axis',(0.,0.,-1.));
#1698=DIRECTION('',(0.,1.,0.));
#1699=DIRECTION('',(0.,-1.,0.));
#1700=DIRECTION('center_axis',(0.,0.,-1.));
#1701=DIRECTION('ref_axis',(-1.,0.,0.));
#1702=DIRECTION('center_axis',(0.,0.,1.));
#1703=DIRECTION('ref_axis',(-0.707106781186547,-0.707106781186548,0.));
#1704=DIRECTION('center_axis',(-1.,0.,0.));
#1705=DIRECTION('ref_axis',(0.,0.,-1.));
#1706=DIRECTION('center_axis',(0.,0.,-1.));
#1707=DIRECTION('ref_axis',(-0.707106781186547,-0.707106781186548,0.));
#1708=DIRECTION('center_axis',(0.,0.,1.));
#1709=DIRECTION('ref_axis',(-0.707106781186547,-0.707106781186548,0.));
#1710=DIRECTION('center_axis',(-1.,0.,0.));
#1711=DIRECTION('ref_axis',(0.,-0.707106781186547,-0.707106781186548));
#1712=DIRECTION('center_axis',(-1.,1.48029736616688E-15,0.));
#1713=DIRECTION('ref_axis',(0.,0.,-1.));
#1714=DIRECTION('',(-1.,0.,0.));
#1715=DIRECTION('',(1.,0.,0.));
#1716=DIRECTION('center_axis',(0.,0.,-1.));
#1717=DIRECTION('ref_axis',(-1.,0.,0.));
#1718=DIRECTION('center_axis',(0.,0.,1.));
#1719=DIRECTION('ref_axis',(0.707106781186548,-0.707106781186548,0.));
#1720=DIRECTION('center_axis',(0.,0.,-1.));
#1721=DIRECTION('ref_axis',(0.707106781186548,-0.707106781186548,0.));
#1722=DIRECTION('center_axis',(0.,0.,1.));
#1723=DIRECTION('ref_axis',(0.707106781186548,-0.707106781186548,0.));
#1724=DIRECTION('center_axis',(0.,0.,1.));
#1725=DIRECTION('ref_axis',(-0.707106781186547,-0.707106781186548,0.));
#1726=DIRECTION('',(0.,0.,1.));
#1727=DIRECTION('center_axis',(0.,0.,-1.));
#1728=DIRECTION('ref_axis',(-0.707106781186547,-0.707106781186548,0.));
#1729=DIRECTION('',(0.,0.,-1.));
#1730=DIRECTION('center_axis',(0.,-1.,0.));
#1731=DIRECTION('ref_axis',(1.,0.,0.));
#1732=DIRECTION('',(0.,0.,-1.));
#1733=DIRECTION('',(1.,0.,0.));
#1734=DIRECTION('center_axis',(0.,0.,1.));
#1735=DIRECTION('ref_axis',(0.707106781186548,-0.707106781186548,0.));
#1736=DIRECTION('',(0.,0.,1.));
#1737=DIRECTION('center_axis',(0.,0.,-1.));
#1738=DIRECTION('ref_axis',(0.707106781186548,-0.707106781186548,0.));
#1739=DIRECTION('center_axis',(1.,0.,0.));
#1740=DIRECTION('ref_axis',(0.,1.,0.));
#1741=DIRECTION('',(0.,0.,-1.));
#1742=DIRECTION('',(0.,1.,0.));
#1743=DIRECTION('center_axis',(0.,0.,1.));
#1744=DIRECTION('ref_axis',(1.,0.,0.));
#1745=DIRECTION('center_axis',(0.,0.,-1.));
#1746=DIRECTION('ref_axis',(1.,0.,0.));
#1747=DIRECTION('',(0.,0.,-1.));
#1748=DIRECTION('center_axis',(0.,0.,-1.));
#1749=DIRECTION('ref_axis',(1.,0.,0.));
#1750=DIRECTION('center_axis',(0.,0.,-1.));
#1751=DIRECTION('ref_axis',(1.,0.,0.));
#1752=DIRECTION('center_axis',(0.,0.,1.));
#1753=DIRECTION('ref_axis',(1.,0.,0.));
#1754=DIRECTION('center_axis',(0.,0.,-1.));
#1755=DIRECTION('ref_axis',(1.,0.,0.));
#1756=DIRECTION('center_axis',(0.,0.,-1.));
#1757=DIRECTION('ref_axis',(1.,0.,0.));
#1758=DIRECTION('center_axis',(0.,0.,-1.));
#1759=DIRECTION('ref_axis',(1.,0.,0.));
#1760=DIRECTION('center_axis',(0.,0.,-1.));
#1761=DIRECTION('ref_axis',(1.,0.,0.));
#1762=DIRECTION('center_axis',(0.,0.,-1.));
#1763=DIRECTION('ref_axis',(1.,0.,0.));
#1764=DIRECTION('center_axis',(0.,0.,-1.));
#1765=DIRECTION('ref_axis',(1.,0.,0.));
#1766=DIRECTION('center_axis',(0.,0.,1.));
#1767=DIRECTION('ref_axis',(1.,0.,0.));
#1768=DIRECTION('center_axis',(0.,0.,-1.));
#1769=DIRECTION('ref_axis',(1.,0.,0.));
#1770=DIRECTION('',(0.,0.,-1.));
#1771=DIRECTION('center_axis',(0.,0.,1.));
#1772=DIRECTION('ref_axis',(-0.707106781186547,0.707106781186548,0.));
#1773=DIRECTION('',(0.,0.,1.));
#1774=DIRECTION('center_axis',(0.,0.,-1.));
#1775=DIRECTION('ref_axis',(-0.707106781186547,0.707106781186548,0.));
#1776=DIRECTION('',(0.,0.,-1.));
#1777=DIRECTION('center_axis',(0.,0.,1.));
#1778=DIRECTION('ref_axis',(1.,0.,0.));
#1779=DIRECTION('center_axis',(0.,0.,-1.));
#1780=DIRECTION('ref_axis',(1.,0.,0.));
#1781=DIRECTION('',(0.,0.,-1.));
#1782=DIRECTION('center_axis',(0.,0.,1.));
#1783=DIRECTION('ref_axis',(1.,0.,0.));
#1784=DIRECTION('center_axis',(0.,0.,-1.));
#1785=DIRECTION('ref_axis',(1.,0.,0.));
#1786=DIRECTION('',(0.,0.,-1.));
#1787=DIRECTION('center_axis',(0.,0.,1.));
#1788=DIRECTION('ref_axis',(0.707106781186547,0.707106781186548,0.));
#1789=DIRECTION('',(0.,0.,1.));
#1790=DIRECTION('center_axis',(0.,0.,-1.));
#1791=DIRECTION('ref_axis',(0.707106781186547,0.707106781186548,0.));
#1792=DIRECTION('center_axis',(-1.,0.,0.));
#1793=DIRECTION('ref_axis',(0.,-1.,0.));
#1794=DIRECTION('',(0.,-1.,0.));
#1795=DIRECTION('center_axis',(0.,1.,0.));
#1796=DIRECTION('ref_axis',(-1.,0.,0.));
#1797=DIRECTION('',(-1.,0.,0.));
#1798=DIRECTION('center_axis',(0.,-1.,0.));
#1799=DIRECTION('ref_axis',(-1.,0.,5.55111512312578E-16));
#1800=DIRECTION('',(0.,0.,-1.));
#1801=DIRECTION('',(1.,0.,0.));
#1802=DIRECTION('',(0.,0.,1.));
#1803=DIRECTION('center_axis',(0.,-1.,0.));
#1804=DIRECTION('ref_axis',(0.,0.,1.));
#1805=DIRECTION('',(-1.,0.,0.));
#1806=DIRECTION('center_axis',(0.,0.,1.));
#1807=DIRECTION('ref_axis',(1.,0.,0.));
#1808=DIRECTION('',(-1.,0.,0.));
#1809=DIRECTION('',(0.,-1.,0.));
#1810=DIRECTION('',(1.,0.,0.));
#1811=DIRECTION('',(0.,-1.,0.));
#1812=DIRECTION('',(-1.,0.,0.));
#1813=DIRECTION('',(0.,1.,0.));
#1814=DIRECTION('',(1.,0.,0.));
#1815=DIRECTION('',(0.,-1.,0.));
#1816=DIRECTION('center_axis',(0.,-1.,0.));
#1817=DIRECTION('ref_axis',(-1.,0.,5.55111512312578E-16));
#1818=DIRECTION('center_axis',(-1.,0.,0.));
#1819=DIRECTION('ref_axis',(0.,0.,-1.));
#1820=DIRECTION('',(0.,0.,1.));
#1821=DIRECTION('',(0.,-1.,0.));
#1822=DIRECTION('',(0.,-1.,0.));
#1823=DIRECTION('center_axis',(0.,-1.,0.));
#1824=DIRECTION('ref_axis',(-1.,0.,5.55111512312578E-16));
#1825=DIRECTION('center_axis',(0.,1.,0.));
#1826=DIRECTION('ref_axis',(-1.,0.,5.55111512312578E-16));
#1827=DIRECTION('center_axis',(1.,0.,0.));
#1828=DIRECTION('ref_axis',(0.,0.,1.));
#1829=DIRECTION('',(0.,0.,-1.));
#1830=DIRECTION('',(0.,-1.,0.));
#1831=DIRECTION('',(0.,-1.,0.));
#1832=DIRECTION('center_axis',(0.,-1.,0.));
#1833=DIRECTION('ref_axis',(0.,0.,1.));
#1834=DIRECTION('center_axis',(0.,1.,0.));
#1835=DIRECTION('ref_axis',(0.,0.,1.));
#1836=DIRECTION('center_axis',(0.,-1.,0.));
#1837=DIRECTION('ref_axis',(1.,0.,0.));
#1838=DIRECTION('',(1.,0.,0.));
#1839=DIRECTION('',(0.,0.,1.));
#1840=DIRECTION('center_axis',(0.,-1.,0.));
#1841=DIRECTION('ref_axis',(1.,0.,0.));
#1842=DIRECTION('',(0.,0.,1.));
#1843=DIRECTION('',(1.,0.,0.));
#1844=DIRECTION('center_axis',(0.,0.,1.));
#1845=DIRECTION('ref_axis',(1.,0.,0.));
#1846=DIRECTION('',(0.,1.,0.));
#1847=DIRECTION('',(-1.,0.,0.));
#1848=DIRECTION('',(0.,-1.,0.));
#1849=DIRECTION('center_axis',(0.,1.,0.));
#1850=DIRECTION('ref_axis',(-1.,0.,0.));
#1851=DIRECTION('',(0.,0.,1.));
#1852=DIRECTION('',(0.,0.,1.));
#1853=DIRECTION('center_axis',(1.,0.,0.));
#1854=DIRECTION('ref_axis',(0.,1.,0.));
#1855=DIRECTION('center_axis',(-1.,0.,0.));
#1856=DIRECTION('ref_axis',(0.,-1.,0.));
#1857=DIRECTION('center_axis',(0.,0.,-1.));
#1858=DIRECTION('ref_axis',(-1.,0.,0.));
#1859=DIRECTION('center_axis',(0.,0.,-1.));
#1860=DIRECTION('ref_axis',(-1.,0.,0.));
#1861=DIRECTION('',(0.,0.,-1.));
#1862=DIRECTION('center_axis',(0.,0.,1.));
#1863=DIRECTION('ref_axis',(-1.,0.,0.));
#1864=DIRECTION('center_axis',(0.,0.,-1.));
#1865=DIRECTION('ref_axis',(-1.,0.,0.));
#1866=DIRECTION('center_axis',(-1.,0.,0.));
#1867=DIRECTION('ref_axis',(0.,-1.,0.));
#1868=DIRECTION('center_axis',(0.,0.,-1.));
#1869=DIRECTION('ref_axis',(-0.707106781186547,-0.707106781186548,0.));
#1870=DIRECTION('center_axis',(0.,-1.,0.));
#1871=DIRECTION('ref_axis',(0.,0.,1.));
#1872=DIRECTION('center_axis',(0.,0.,1.));
#1873=DIRECTION('ref_axis',(-0.707106781186547,-0.707106781186548,0.));
#1874=DIRECTION('center_axis',(0.,-1.,0.));
#1875=DIRECTION('ref_axis',(-0.707106781186547,0.,0.707106781186548));
#1876=DIRECTION('center_axis',(0.,-1.,0.));
#1877=DIRECTION('ref_axis',(0.,0.,1.));
#1878=DIRECTION('',(0.,1.,0.));
#1879=DIRECTION('',(0.,1.,0.));
#1880=DIRECTION('center_axis',(0.,0.,-1.));
#1881=DIRECTION('ref_axis',(-1.,0.,0.));
#1882=DIRECTION('center_axis',(0.,0.,-1.));
#1883=DIRECTION('ref_axis',(-0.707106781186547,0.707106781186548,0.));
#1884=DIRECTION('center_axis',(-1.,0.,0.));
#1885=DIRECTION('ref_axis',(0.,0.,1.));
#1886=DIRECTION('center_axis',(0.,0.,1.));
#1887=DIRECTION('ref_axis',(-0.707106781186547,0.707106781186548,0.));
#1888=DIRECTION('center_axis',(-1.,0.,0.));
#1889=DIRECTION('ref_axis',(0.,0.707106781186547,0.707106781186548));
#1890=DIRECTION('center_axis',(-1.,0.,0.));
#1891=DIRECTION('ref_axis',(0.,0.,1.));
#1892=DIRECTION('',(1.,0.,0.));
#1893=DIRECTION('',(1.,0.,0.));
#1894=DIRECTION('center_axis',(0.,0.,-1.));
#1895=DIRECTION('ref_axis',(-1.,0.,0.));
#1896=DIRECTION('center_axis',(0.,0.,-1.));
#1897=DIRECTION('ref_axis',(0.707106781186548,0.707106781186546,0.));
#1898=DIRECTION('center_axis',(0.,1.,0.));
#1899=DIRECTION('ref_axis',(0.,0.,1.));
#1900=DIRECTION('center_axis',(0.,0.,1.));
#1901=DIRECTION('ref_axis',(0.707106781186547,0.707106781186548,0.));
#1902=DIRECTION('center_axis',(0.,1.,0.));
#1903=DIRECTION('ref_axis',(0.707106781186547,0.,0.707106781186547));
#1904=DIRECTION('center_axis',(0.,1.,0.));
#1905=DIRECTION('ref_axis',(0.,0.,1.));
#1906=DIRECTION('',(0.,-1.,0.));
#1907=DIRECTION('',(0.,-1.,0.));
#1908=DIRECTION('center_axis',(0.,0.,-1.));
#1909=DIRECTION('ref_axis',(-1.,0.,0.));
#1910=DIRECTION('center_axis',(0.,0.,-1.));
#1911=DIRECTION('ref_axis',(0.707106781186548,-0.707106781186548,0.));
#1912=DIRECTION('center_axis',(1.,0.,0.));
#1913=DIRECTION('ref_axis',(0.,0.,1.));
#1914=DIRECTION('center_axis',(0.,0.,1.));
#1915=DIRECTION('ref_axis',(0.707106781186548,-0.707106781186548,0.));
#1916=DIRECTION('center_axis',(1.,0.,0.));
#1917=DIRECTION('ref_axis',(0.,-0.707106781186547,0.707106781186547));
#1918=DIRECTION('',(-1.,0.,0.));
#1919=DIRECTION('',(-1.,0.,0.));
#1920=DIRECTION('center_axis',(0.,0.,1.));
#1921=DIRECTION('ref_axis',(1.,0.,0.));
#1922=DIRECTION('center_axis',(0.,0.,-1.));
#1923=DIRECTION('ref_axis',(1.,2.22044604925031E-15,0.));
#1924=DIRECTION('',(0.,-1.,0.));
#1925=DIRECTION('center_axis',(0.,0.,-1.));
#1926=DIRECTION('ref_axis',(0.,-1.,0.));
#1927=DIRECTION('',(-1.,0.,0.));
#1928=DIRECTION('center_axis',(0.,0.,-1.));
#1929=DIRECTION('ref_axis',(-1.,-4.4408920985006E-15,0.));
#1930=DIRECTION('',(0.,1.,0.));
#1931=DIRECTION('center_axis',(0.,0.,-1.));
#1932=DIRECTION('ref_axis',(-4.44089209850058E-15,1.,0.));
#1933=DIRECTION('',(1.,0.,0.));
#1934=DIRECTION('center_axis',(0.,0.,-1.));
#1935=DIRECTION('ref_axis',(1.,0.,0.));
#1936=DIRECTION('',(0.,-1.,0.));
#1937=DIRECTION('center_axis',(0.,0.,-1.));
#1938=DIRECTION('ref_axis',(0.,-1.,0.));
#1939=DIRECTION('',(-1.,0.,0.));
#1940=DIRECTION('center_axis',(0.,0.,-1.));
#1941=DIRECTION('ref_axis',(-1.,0.,0.));
#1942=DIRECTION('',(0.,1.,0.));
#1943=DIRECTION('center_axis',(0.,0.,-1.));
#1944=DIRECTION('ref_axis',(0.,1.,0.));
#1945=DIRECTION('',(1.,0.,0.));
#1946=DIRECTION('center_axis',(0.,0.,-1.));
#1947=DIRECTION('ref_axis',(0.,1.,0.));
#1948=DIRECTION('',(1.,0.,0.));
#1949=DIRECTION('center_axis',(0.,0.,-1.));
#1950=DIRECTION('ref_axis',(1.,0.,0.));
#1951=DIRECTION('',(0.,-1.,0.));
#1952=DIRECTION('center_axis',(0.,0.,-1.));
#1953=DIRECTION('ref_axis',(0.,-1.,0.));
#1954=DIRECTION('',(-1.,0.,0.));
#1955=DIRECTION('center_axis',(0.,0.,-1.));
#1956=DIRECTION('ref_axis',(-1.,0.,0.));
#1957=DIRECTION('',(0.,1.,0.));
#1958=DIRECTION('center_axis',(0.,0.,-1.));
#1959=DIRECTION('ref_axis',(1.,0.,0.));
#1960=DIRECTION('',(0.,-1.,0.));
#1961=DIRECTION('center_axis',(0.,0.,-1.));
#1962=DIRECTION('ref_axis',(0.,-1.,0.));
#1963=DIRECTION('',(-1.,0.,0.));
#1964=DIRECTION('center_axis',(0.,0.,-1.));
#1965=DIRECTION('ref_axis',(-1.,0.,0.));
#1966=DIRECTION('',(0.,1.,0.));
#1967=DIRECTION('center_axis',(0.,0.,-1.));
#1968=DIRECTION('ref_axis',(0.,1.,0.));
#1969=DIRECTION('',(1.,0.,0.));
#1970=DIRECTION('center_axis',(0.,0.,1.));
#1971=DIRECTION('ref_axis',(1.,0.,0.));
#1972=DIRECTION('center_axis',(0.,0.,-1.));
#1973=DIRECTION('ref_axis',(1.,0.,0.));
#1974=DIRECTION('',(1.,0.,0.));
#1975=DIRECTION('center_axis',(0.,0.,-1.));
#1976=DIRECTION('ref_axis',(0.,1.,0.));
#1977=DIRECTION('',(0.,1.,0.));
#1978=DIRECTION('center_axis',(0.,0.,-1.));
#1979=DIRECTION('ref_axis',(-1.,0.,0.));
#1980=DIRECTION('',(-1.,0.,0.));
#1981=DIRECTION('center_axis',(0.,0.,-1.));
#1982=DIRECTION('ref_axis',(0.,-1.,0.));
#1983=DIRECTION('',(0.,-1.,0.));
#1984=DIRECTION('center_axis',(0.,0.,-1.));
#1985=DIRECTION('ref_axis',(0.,1.,0.));
#1986=DIRECTION('',(0.,1.,0.));
#1987=DIRECTION('center_axis',(0.,0.,-1.));
#1988=DIRECTION('ref_axis',(-1.,0.,0.));
#1989=DIRECTION('',(-1.,0.,0.));
#1990=DIRECTION('center_axis',(0.,0.,-1.));
#1991=DIRECTION('ref_axis',(0.,-1.,0.));
#1992=DIRECTION('',(0.,-1.,0.));
#1993=DIRECTION('center_axis',(0.,0.,-1.));
#1994=DIRECTION('ref_axis',(1.,0.,0.));
#1995=DIRECTION('',(1.,0.,0.));
#1996=DIRECTION('center_axis',(0.,0.,-1.));
#1997=DIRECTION('ref_axis',(1.,0.,0.));
#1998=DIRECTION('',(1.,0.,0.));
#1999=DIRECTION('center_axis',(0.,0.,-1.));
#2000=DIRECTION('ref_axis',(0.,1.,0.));
#2001=DIRECTION('',(0.,1.,0.));
#2002=DIRECTION('center_axis',(0.,0.,-1.));
#2003=DIRECTION('ref_axis',(-1.,0.,0.));
#2004=DIRECTION('',(-1.,0.,0.));
#2005=DIRECTION('center_axis',(0.,0.,-1.));
#2006=DIRECTION('ref_axis',(0.,-1.,0.));
#2007=DIRECTION('',(0.,-1.,0.));
#2008=DIRECTION('center_axis',(0.,0.,-1.));
#2009=DIRECTION('ref_axis',(1.,2.22044604925031E-15,0.));
#2010=DIRECTION('',(1.,0.,0.));
#2011=DIRECTION('center_axis',(0.,0.,-1.));
#2012=DIRECTION('ref_axis',(-4.44089209850058E-15,1.,0.));
#2013=DIRECTION('',(0.,1.,0.));
#2014=DIRECTION('center_axis',(0.,0.,-1.));
#2015=DIRECTION('ref_axis',(-1.,-4.4408920985006E-15,0.));
#2016=DIRECTION('',(-1.,0.,0.));
#2017=DIRECTION('center_axis',(0.,0.,-1.));
#2018=DIRECTION('ref_axis',(0.,-1.,0.));
#2019=DIRECTION('',(0.,-1.,0.));
#2020=DIRECTION('center_axis',(0.,-1.,0.));
#2021=DIRECTION('ref_axis',(1.,0.,0.));
#2022=DIRECTION('',(0.,0.,1.));
#2023=DIRECTION('',(0.,0.,1.));
#2024=DIRECTION('center_axis',(0.,0.,1.));
#2025=DIRECTION('ref_axis',(-4.44089209850058E-15,1.,0.));
#2026=DIRECTION('',(0.,0.,1.));
#2027=DIRECTION('center_axis',(1.,0.,0.));
#2028=DIRECTION('ref_axis',(0.,1.,0.));
#2029=DIRECTION('',(0.,0.,1.));
#2030=DIRECTION('center_axis',(0.,0.,1.));
#2031=DIRECTION('ref_axis',(-1.,-4.4408920985006E-15,0.));
#2032=DIRECTION('',(0.,0.,1.));
#2033=DIRECTION('center_axis',(0.,1.,0.));
#2034=DIRECTION('ref_axis',(-1.,0.,0.));
#2035=DIRECTION('',(0.,0.,1.));
#2036=DIRECTION('center_axis',(0.,0.,1.));
#2037=DIRECTION('ref_axis',(0.,-1.,0.));
#2038=DIRECTION('',(0.,0.,1.));
#2039=DIRECTION('center_axis',(-1.,0.,0.));
#2040=DIRECTION('ref_axis',(0.,-1.,0.));
#2041=DIRECTION('',(0.,0.,1.));
#2042=DIRECTION('center_axis',(0.,0.,1.));
#2043=DIRECTION('ref_axis',(1.,2.22044604925031E-15,0.));
#2044=DIRECTION('center_axis',(0.,-1.,0.));
#2045=DIRECTION('ref_axis',(1.,0.,0.));
#2046=DIRECTION('',(0.,0.,1.));
#2047=DIRECTION('',(0.,0.,1.));
#2048=DIRECTION('center_axis',(0.,0.,1.));
#2049=DIRECTION('ref_axis',(0.,1.,0.));
#2050=DIRECTION('',(0.,0.,1.));
#2051=DIRECTION('center_axis',(1.,0.,0.));
#2052=DIRECTION('ref_axis',(0.,1.,0.));
#2053=DIRECTION('',(0.,0.,1.));
#2054=DIRECTION('center_axis',(0.,0.,1.));
#2055=DIRECTION('ref_axis',(-1.,0.,0.));
#2056=DIRECTION('',(0.,0.,1.));
#2057=DIRECTION('center_axis',(0.,1.,0.));
#2058=DIRECTION('ref_axis',(-1.,0.,0.));
#2059=DIRECTION('',(0.,0.,1.));
#2060=DIRECTION('center_axis',(0.,0.,1.));
#2061=DIRECTION('ref_axis',(0.,-1.,0.));
#2062=DIRECTION('',(0.,0.,1.));
#2063=DIRECTION('center_axis',(-1.,0.,0.));
#2064=DIRECTION('ref_axis',(0.,-1.,0.));
#2065=DIRECTION('',(0.,0.,1.));
#2066=DIRECTION('center_axis',(0.,0.,1.));
#2067=DIRECTION('ref_axis',(1.,0.,0.));
#2068=DIRECTION('center_axis',(1.,0.,0.));
#2069=DIRECTION('ref_axis',(0.,1.,0.));
#2070=DIRECTION('',(0.,0.,1.));
#2071=DIRECTION('',(0.,0.,1.));
#2072=DIRECTION('center_axis',(0.,0.,1.));
#2073=DIRECTION('ref_axis',(-1.,0.,0.));
#2074=DIRECTION('',(0.,0.,1.));
#2075=DIRECTION('center_axis',(0.,1.,0.));
#2076=DIRECTION('ref_axis',(-1.,0.,0.));
#2077=DIRECTION('',(0.,0.,1.));
#2078=DIRECTION('center_axis',(0.,0.,1.));
#2079=DIRECTION('ref_axis',(0.,-1.,0.));
#2080=DIRECTION('',(0.,0.,1.));
#2081=DIRECTION('center_axis',(-1.,0.,0.));
#2082=DIRECTION('ref_axis',(0.,-1.,0.));
#2083=DIRECTION('',(0.,0.,1.));
#2084=DIRECTION('center_axis',(0.,0.,1.));
#2085=DIRECTION('ref_axis',(1.,0.,0.));
#2086=DIRECTION('',(0.,0.,1.));
#2087=DIRECTION('center_axis',(0.,-1.,0.));
#2088=DIRECTION('ref_axis',(1.,0.,0.));
#2089=DIRECTION('',(0.,0.,1.));
#2090=DIRECTION('center_axis',(0.,0.,1.));
#2091=DIRECTION('ref_axis',(0.,1.,0.));
#2092=DIRECTION('center_axis',(0.,-1.,0.));
#2093=DIRECTION('ref_axis',(1.,0.,0.));
#2094=DIRECTION('',(0.,0.,1.));
#2095=DIRECTION('',(0.,0.,1.));
#2096=DIRECTION('center_axis',(0.,0.,1.));
#2097=DIRECTION('ref_axis',(0.,1.,0.));
#2098=DIRECTION('',(0.,0.,1.));
#2099=DIRECTION('center_axis',(1.,0.,0.));
#2100=DIRECTION('ref_axis',(0.,1.,0.));
#2101=DIRECTION('',(0.,0.,1.));
#2102=DIRECTION('center_axis',(0.,0.,1.));
#2103=DIRECTION('ref_axis',(-1.,0.,0.));
#2104=DIRECTION('',(0.,0.,1.));
#2105=DIRECTION('center_axis',(0.,1.,0.));
#2106=DIRECTION('ref_axis',(-1.,0.,0.));
#2107=DIRECTION('',(0.,0.,1.));
#2108=DIRECTION('center_axis',(0.,0.,1.));
#2109=DIRECTION('ref_axis',(0.,-1.,0.));
#2110=DIRECTION('',(0.,0.,1.));
#2111=DIRECTION('center_axis',(-1.,0.,0.));
#2112=DIRECTION('ref_axis',(0.,-1.,0.));
#2113=DIRECTION('',(0.,0.,1.));
#2114=DIRECTION('center_axis',(0.,0.,1.));
#2115=DIRECTION('ref_axis',(1.,0.,0.));
#2116=CARTESIAN_POINT('',(0.,0.,0.));
#2117=CARTESIAN_POINT('Origin',(31.0000005066395,-5.00000007450581,-2.));
#2118=CARTESIAN_POINT('',(34.0000005066395,-15.0000003278255,-2.));
#2119=CARTESIAN_POINT('',(31.0000005066395,-15.0000003278255,-5.));
#2120=CARTESIAN_POINT('Origin',(31.0000005066395,-15.0000003278255,-2.));
#2121=CARTESIAN_POINT('',(31.0000005066395,39.0000006854534,-5.));
#2122=CARTESIAN_POINT('',(31.0000005066395,-5.00000007450581,-5.));
#2123=CARTESIAN_POINT('',(34.0000005066395,39.0000006854534,-2.));
#2124=CARTESIAN_POINT('Origin',(31.0000005066395,39.0000006854534,-2.));
#2125=CARTESIAN_POINT('',(34.0000005066395,-5.00000007450581,-2.));
#2126=CARTESIAN_POINT('Origin',(27.0000005066395,39.0000006854534,-2.));
#2127=CARTESIAN_POINT('',(30.4114382697091,41.088562963362,-5.));
#2128=CARTESIAN_POINT('',(29.0885627845481,42.411438448523,-5.));
#2129=CARTESIAN_POINT('Ctrl Pts',(30.4114382697091,41.088562963362,-5.));
#2130=CARTESIAN_POINT('Ctrl Pts',(30.4111691561179,41.0928518863057,-5.));
#2131=CARTESIAN_POINT('Ctrl Pts',(30.4108804465096,41.097140330923,-4.99999798019618));
#2132=CARTESIAN_POINT('Ctrl Pts',(30.3977283303308,41.2800492406337,-4.99982861734324));
#2133=CARTESIAN_POINT('Ctrl Pts',(30.3510991350062,41.4543306909423,-4.99650665159896));
#2134=CARTESIAN_POINT('Ctrl Pts',(30.1938177748384,41.7799406385449,-4.99141357670172));
#2135=CARTESIAN_POINT('Ctrl Pts',(30.0830970644554,41.9274706960407,-4.98976947145077));
#2136=CARTESIAN_POINT('Ctrl Pts',(29.8312749968407,42.1547994844482,-4.99070189471717));
#2137=CARTESIAN_POINT('Ctrl Pts',(29.6984693265976,42.2395729287248,-4.99265347143443));
#2138=CARTESIAN_POINT('Ctrl Pts',(29.4067807794926,42.3639732860791,-4.99731129630128));
#2139=CARTESIAN_POINT('Ctrl Pts',(29.2491049945385,42.4013650358653,-5.));
#2140=CARTESIAN_POINT('Ctrl Pts',(29.0885627845481,42.411438448523,-5.));
#2141=CARTESIAN_POINT('',(27.0000005066395,43.0000006854534,-5.));
#2142=CARTESIAN_POINT('Origin',(27.0000005066395,39.0000006854534,-5.));
#2143=CARTESIAN_POINT('',(27.0000005066395,46.0000006854534,-2.));
#2144=CARTESIAN_POINT('Origin',(27.0000005066395,43.0000006854534,-2.));
#2145=CARTESIAN_POINT('Origin',(27.0000005066395,39.0000006854534,-2.));
#2146=CARTESIAN_POINT('Origin',(27.0000005066395,39.0000006854534,-5.));
#2147=CARTESIAN_POINT('Origin',(12.0000001788139,43.0000006854534,-2.));
#2148=CARTESIAN_POINT('',(-47.0000008046627,43.0000006854534,-5.));
#2149=CARTESIAN_POINT('',(-47.0000008046627,46.0000006854534,-2.));
#2150=CARTESIAN_POINT('Origin',(-47.0000008046627,43.0000006854534,-2.));
#2151=CARTESIAN_POINT('',(12.0000001788139,46.0000006854534,-2.));
#2152=CARTESIAN_POINT('',(12.0000001788139,43.0000006854534,-5.));
#2153=CARTESIAN_POINT('Origin',(-47.0000008046627,39.0000006854534,-2.));
#2154=CARTESIAN_POINT('',(-49.0885630825713,42.411438448523,-5.));
#2155=CARTESIAN_POINT('',(-50.4114385677323,41.0885629633621,-5.));
#2156=CARTESIAN_POINT('Ctrl Pts',(-49.0885630825713,42.411438448523,-5.));
#2157=CARTESIAN_POINT('Ctrl Pts',(-49.092852005515,42.4111693349318,-5.));
#2158=CARTESIAN_POINT('Ctrl Pts',(-49.0971404501322,42.4108806253236,-4.99999798019619));
#2159=CARTESIAN_POINT('Ctrl Pts',(-49.2800493598422,42.3977285091448,-4.99982861734324));
#2160=CARTESIAN_POINT('Ctrl Pts',(-49.4543308101509,42.3510993138204,-4.99650665159897));
#2161=CARTESIAN_POINT('Ctrl Pts',(-49.7799407577535,42.1938179536527,-4.99141357670173));
#2162=CARTESIAN_POINT('Ctrl Pts',(-49.9274708152494,42.0830972432699,-4.98976947145077));
#2163=CARTESIAN_POINT('Ctrl Pts',(-50.154799603657,41.8312751756552,-4.99070189471717));
#2164=CARTESIAN_POINT('Ctrl Pts',(-50.2395730479338,41.6984695054122,-4.99265347143442));
#2165=CARTESIAN_POINT('Ctrl Pts',(-50.3639734052884,41.4067809583066,-4.99731129630128));
#2166=CARTESIAN_POINT('Ctrl Pts',(-50.4013651550746,41.2491051733525,-5.));
#2167=CARTESIAN_POINT('Ctrl Pts',(-50.4114385677323,41.0885629633621,-5.));
#2168=CARTESIAN_POINT('',(-51.0000008046627,39.0000006854534,-5.));
#2169=CARTESIAN_POINT('Origin',(-47.0000008046627,39.0000006854534,-5.));
#2170=CARTESIAN_POINT('',(-54.0000008046627,39.0000006854534,-2.));
#2171=CARTESIAN_POINT('Origin',(-51.0000008046627,39.0000006854534,-2.));
#2172=CARTESIAN_POINT('Origin',(-47.0000008046627,39.0000006854534,-2.));
#2173=CARTESIAN_POINT('Origin',(-47.0000008046627,39.0000006854534,-5.));
#2174=CARTESIAN_POINT('Origin',(-51.0000008046627,29.0000004321337,-2.));
#2175=CARTESIAN_POINT('',(-51.0000008046627,-15.0000003278255,-5.));
#2176=CARTESIAN_POINT('',(-54.0000008046627,-15.0000003278255,-2.));
#2177=CARTESIAN_POINT('Origin',(-51.0000008046627,-15.0000003278255,-2.));
#2178=CARTESIAN_POINT('',(-54.0000008046627,29.0000004321337,-2.));
#2179=CARTESIAN_POINT('',(-51.0000008046627,29.0000004321337,-5.));
#2180=CARTESIAN_POINT('Origin',(-47.0000008046627,-15.0000003278255,-2.));
#2181=CARTESIAN_POINT('',(-50.4187398911467,-17.0765896128183,-5.));
#2182=CARTESIAN_POINT('',(-49.0765900896555,-18.4187394143095,-5.));
#2183=CARTESIAN_POINT('Ctrl Pts',(-50.4187398911467,-17.0765896128183,-5.));
#2184=CARTESIAN_POINT('Ctrl Pts',(-50.418432056433,-17.0822919344758,-5.));
#2185=CARTESIAN_POINT('Ctrl Pts',(-50.4180897529597,-17.0879940649227,-4.9999963625968));
#2186=CARTESIAN_POINT('Ctrl Pts',(-50.4058728113542,-17.2728494558911,-4.99976573390316));
#2187=CARTESIAN_POINT('Ctrl Pts',(-50.3601785850122,-17.4482115396376,-4.99633167259846));
#2188=CARTESIAN_POINT('Ctrl Pts',(-50.2041133579033,-17.776197377758,-4.99101009811979));
#2189=CARTESIAN_POINT('Ctrl Pts',(-50.0938732316766,-17.9251261895344,-4.98925115529107));
#2190=CARTESIAN_POINT('Ctrl Pts',(-49.8396987904377,-18.1573206320573,-4.99011043949279));
#2191=CARTESIAN_POINT('Ctrl Pts',(-49.7036027041332,-18.2447619851266,-4.99215277564834));
#2192=CARTESIAN_POINT('Ctrl Pts',(-49.4036989406762,-18.3722319426009,-4.99711120080934));
#2193=CARTESIAN_POINT('Ctrl Pts',(-49.2415368507612,-18.4098349115427,-5.));
#2194=CARTESIAN_POINT('Ctrl Pts',(-49.0765900896555,-18.4187394143095,-5.));
#2195=CARTESIAN_POINT('',(-47.0000008046627,-19.0000003278255,-5.));
#2196=CARTESIAN_POINT('Origin',(-47.0000008046627,-15.0000003278255,-5.));
#2197=CARTESIAN_POINT('',(-47.0000008046627,-22.0000003278255,-2.));
#2198=CARTESIAN_POINT('Origin',(-47.0000008046627,-19.0000003278255,-2.));
#2199=CARTESIAN_POINT('Origin',(-47.0000008046627,-15.0000003278255,-2.));
#2200=CARTESIAN_POINT('Origin',(-47.0000008046627,-15.0000003278255,-5.));
#2201=CARTESIAN_POINT('Origin',(-32.0000004768372,-19.0000003278255,-2.));
#2202=CARTESIAN_POINT('',(27.0000005066395,-19.0000003278255,-5.));
#2203=CARTESIAN_POINT('',(27.0000005066395,-22.0000003278255,-2.));
#2204=CARTESIAN_POINT('Origin',(27.0000005066395,-19.0000003278255,-2.));
#2205=CARTESIAN_POINT('',(-32.0000004768372,-22.0000003278255,-2.));
#2206=CARTESIAN_POINT('',(-32.0000004768372,-19.0000003278255,-5.));
#2207=CARTESIAN_POINT('Origin',(27.0000005066395,-15.0000003278255,-2.));
#2208=CARTESIAN_POINT('',(28.7238580873534,-18.6094760572654,-5.));
#2209=CARTESIAN_POINT('',(30.6094762360793,-16.7238579085395,-5.));
#2210=CARTESIAN_POINT('Ctrl Pts',(28.7238580873534,-18.6094760572654,-5.));
#2211=CARTESIAN_POINT('Ctrl Pts',(28.7265727681352,-18.6151601536658,-5.));
#2212=CARTESIAN_POINT('Ctrl Pts',(28.7293260724655,-18.6208274682773,-4.99998016023804));
#2213=CARTESIAN_POINT('Ctrl Pts',(28.7502151221344,-18.663103314226,-4.9996830818666));
#2214=CARTESIAN_POINT('Ctrl Pts',(28.7698923355159,-18.6989314806835,-4.99859066881778));
#2215=CARTESIAN_POINT('Ctrl Pts',(28.8274595741817,-18.7937612252447,-4.99338738266912));
#2216=CARTESIAN_POINT('Ctrl Pts',(28.8681343536233,-18.8507362348151,-4.98769168005747));
#2217=CARTESIAN_POINT('Ctrl Pts',(29.0131303084456,-19.0250435263854,-4.96197837600487));
#2218=CARTESIAN_POINT('Ctrl Pts',(29.1318496118582,-19.1269764232783,-4.93320577572238));
#2219=CARTESIAN_POINT('Ctrl Pts',(29.4004212246226,-19.2908348261832,-4.86034452475687));
#2220=CARTESIAN_POINT('Ctrl Pts',(29.5497747549914,-19.3499824551427,-4.81613942983516));
#2221=CARTESIAN_POINT('Ctrl Pts',(29.8776343899547,-19.4199394034721,-4.71991866190946));
#2222=CARTESIAN_POINT('Ctrl Pts',(30.0566548144302,-19.4243007947937,-4.66785869070342));
#2223=CARTESIAN_POINT('Ctrl Pts',(30.406956703302,-19.3658732967843,-4.57878633206974));
#2224=CARTESIAN_POINT('Ctrl Pts',(30.5764212309105,-19.304066237142,-4.54228243669885));
#2225=CARTESIAN_POINT('Ctrl Pts',(30.8748998908748,-19.1236612495395,-4.50167761544265));
#2226=CARTESIAN_POINT('Ctrl Pts',(31.0018730697488,-19.0122768520596,-4.49602965266959));
#2227=CARTESIAN_POINT('Ctrl Pts',(31.2125195548396,-18.7474028133884,-4.51499187981766));
#2228=CARTESIAN_POINT('Ctrl Pts',(31.2923005505484,-18.5981237623334,-4.53940181757263));
#2229=CARTESIAN_POINT('Ctrl Pts',(31.4026985769851,-18.2606286133851,-4.6130137820413));
#2230=CARTESIAN_POINT('Ctrl Pts',(31.4244280736567,-18.0732387408545,-4.66407686279426));
#2231=CARTESIAN_POINT('Ctrl Pts',(31.394969785882,-17.7009107732407,-4.77108119462427));
#2232=CARTESIAN_POINT('Ctrl Pts',(31.3427658111357,-17.5171316026896,-4.82668476796821));
#2233=CARTESIAN_POINT('Ctrl Pts',(31.174845321889,-17.1937236251034,-4.91744625014621));
#2234=CARTESIAN_POINT('Ctrl Pts',(31.0657908278245,-17.0534771187949,-4.95338551461114));
#2235=CARTESIAN_POINT('Ctrl Pts',(30.8749416990402,-16.88638137483,-4.98487591212345));
#2236=CARTESIAN_POINT('Ctrl Pts',(30.81421974697,-16.8412051068135,-4.99170730263327));
#2237=CARTESIAN_POINT('Ctrl Pts',(30.7137832533213,-16.7783921191103,-4.99799256526468));
#2238=CARTESIAN_POINT('Ctrl Pts',(30.6766414233793,-16.7574302768104,-4.99936425525225));
#2239=CARTESIAN_POINT('Ctrl Pts',(30.6289095050731,-16.7332761323484,-4.99994169837619));
#2240=CARTESIAN_POINT('Ctrl Pts',(30.61921988565,-16.7285114007343,-5.));
#2241=CARTESIAN_POINT('Ctrl Pts',(30.6094762360793,-16.7238579085395,-5.));
#2242=CARTESIAN_POINT('Origin',(27.0000005066395,-15.0000003278255,-5.));
#2243=CARTESIAN_POINT('Origin',(27.0000005066395,-15.0000003278255,-2.));
#2244=CARTESIAN_POINT('Origin',(27.0000005066395,-15.0000003278255,-5.));
#2245=CARTESIAN_POINT('Origin',(-47.0000008046627,-15.0000003278255,0.));
#2246=CARTESIAN_POINT('',(-47.0000008046627,-22.0000003278255,10.));
#2247=CARTESIAN_POINT('',(-47.0000008046627,-22.0000003278255,0.));
#2248=CARTESIAN_POINT('',(-54.0000008046627,-15.0000003278255,10.));
#2249=CARTESIAN_POINT('Origin',(-47.0000008046627,-15.0000003278255,10.));
#2250=CARTESIAN_POINT('',(-54.0000008046627,-15.0000003278255,0.));
#2251=CARTESIAN_POINT('Origin',(-54.0000008046627,-22.0000003278255,0.));
#2252=CARTESIAN_POINT('',(27.0000005066395,-22.0000003278255,10.));
#2253=CARTESIAN_POINT('',(27.0000005066395,-22.0000003278255,0.));
#2254=CARTESIAN_POINT('',(-54.0000008046627,-22.0000003278255,10.));
#2255=CARTESIAN_POINT('Origin',(27.0000005066395,-15.0000003278255,0.));
#2256=CARTESIAN_POINT('',(34.0000005066395,-15.0000003278255,10.));
#2257=CARTESIAN_POINT('',(34.0000005066395,-15.0000003278255,0.));
#2258=CARTESIAN_POINT('Origin',(27.0000005066395,-15.0000003278255,10.));
#2259=CARTESIAN_POINT('Origin',(34.0000005066395,-22.0000003278255,0.));
#2260=CARTESIAN_POINT('',(34.0000005066395,39.0000006854534,10.));
#2261=CARTESIAN_POINT('',(34.0000005066395,39.0000006854534,0.));
#2262=CARTESIAN_POINT('',(34.0000005066395,-22.0000003278255,10.));
#2263=CARTESIAN_POINT('Origin',(29.0000004321337,41.0000006109476,0.));
#2264=CARTESIAN_POINT('',(27.5857868486872,41.0000006109476,10.));
#2265=CARTESIAN_POINT('Origin',(29.0000004321337,41.0000006109476,10.));
#2266=CARTESIAN_POINT('',(27.5857868486872,41.0000006109476,-5.));
#2267=CARTESIAN_POINT('',(27.5857868486872,41.0000006109476,0.));
#2268=CARTESIAN_POINT('Origin',(29.0000004321337,41.0000006109476,-5.));
#2269=CARTESIAN_POINT('Origin',(29.0000004321337,41.0000006109476,-5.));
#2270=CARTESIAN_POINT('Origin',(-10.0000001490116,12.0000001788139,-5.));
#2271=CARTESIAN_POINT('',(28.5857868635883,-18.0000002682209,-5.));
#2272=CARTESIAN_POINT('Origin',(30.0000004470348,-18.0000002682209,-5.));
#2273=CARTESIAN_POINT('Origin',(30.0000004470348,-18.0000002682209,-5.));
#2274=CARTESIAN_POINT('',(-50.4208056910556,-17.0000002533197,-5.));
#2275=CARTESIAN_POINT('Origin',(-49.0000007301569,-17.0000002533197,-5.));
#2276=CARTESIAN_POINT('Origin',(-49.0000007301569,-17.0000002533197,-5.));
#2277=CARTESIAN_POINT('',(-50.4142143136034,41.0000006109476,-5.));
#2278=CARTESIAN_POINT('Origin',(-49.0000007301569,41.0000006109476,-5.));
#2279=CARTESIAN_POINT('Origin',(-49.0000007301569,41.0000006109476,-5.));
#2280=CARTESIAN_POINT('Origin',(30.0000004470348,-18.0000002682209,0.));
#2281=CARTESIAN_POINT('',(28.5857868635883,-18.0000002682209,10.));
#2282=CARTESIAN_POINT('Origin',(30.0000004470348,-18.0000002682209,10.));
#2283=CARTESIAN_POINT('',(28.5857868635883,-18.0000002682209,0.));
#2284=CARTESIAN_POINT('Origin',(-47.0000008046627,39.0000006854534,0.));
#2285=CARTESIAN_POINT('',(-54.0000008046627,39.0000006854534,10.));
#2286=CARTESIAN_POINT('',(-54.0000008046627,39.0000006854534,0.));
#2287=CARTESIAN_POINT('',(-47.0000008046627,46.0000006854534,10.));
#2288=CARTESIAN_POINT('Origin',(-47.0000008046627,39.0000006854534,10.));
#2289=CARTESIAN_POINT('',(-47.0000008046627,46.0000006854534,0.));
#2290=CARTESIAN_POINT('Origin',(-49.0000007301569,41.0000006109476,0.));
#2291=CARTESIAN_POINT('',(-50.4142143136034,41.0000006109476,10.));
#2292=CARTESIAN_POINT('Origin',(-49.0000007301569,41.0000006109476,10.));
#2293=CARTESIAN_POINT('',(-50.4142143136034,41.0000006109476,0.));
#2294=CARTESIAN_POINT('Origin',(-49.0000007301569,-17.0000002533197,0.));
#2295=CARTESIAN_POINT('',(-50.4208056910556,-17.0000002533197,10.));
#2296=CARTESIAN_POINT('Origin',(-49.0000007301569,-17.0000002533197,10.));
#2297=CARTESIAN_POINT('',(-50.4208056910556,-17.0000002533197,0.));
#2298=CARTESIAN_POINT('Origin',(27.0000005066395,39.0000006854534,0.));
#2299=CARTESIAN_POINT('',(27.0000005066395,46.0000006854534,10.));
#2300=CARTESIAN_POINT('',(27.0000005066395,46.0000006854534,0.));
#2301=CARTESIAN_POINT('Origin',(27.0000005066395,39.0000006854534,10.));
#2302=CARTESIAN_POINT('Origin',(-54.0000008046627,46.0000006854534,0.));
#2303=CARTESIAN_POINT('',(-54.0000008046627,46.0000006854534,10.));
#2304=CARTESIAN_POINT('Origin',(34.0000005066395,46.0000006854534,0.));
#2305=CARTESIAN_POINT('',(-18.00077233845,46.0000006854534,10.));
#2306=CARTESIAN_POINT('',(34.0000005066395,46.0000006854534,10.));
#2307=CARTESIAN_POINT('',(-20.0000002980232,46.0000006854534,8.00000014901161));
#2308=CARTESIAN_POINT('Origin',(-18.0000002980232,46.0000006854534,8.00000014901161));
#2309=CARTESIAN_POINT('',(-20.0000002980232,46.0000006854534,3.00000004470348));
#2310=CARTESIAN_POINT('',(-20.0000002980232,46.0000006854534,4.00000007450581));
#2311=CARTESIAN_POINT('',(-1.00000001490116,46.0000006854534,3.00000004470348));
#2312=CARTESIAN_POINT('',(7.00000010430813,46.0000006854534,3.00000004470348));
#2313=CARTESIAN_POINT('',(-1.00000001490116,46.0000006854534,8.00000014901161));
#2314=CARTESIAN_POINT('',(-1.00000001490116,46.0000006854534,1.50000002235174));
#2315=CARTESIAN_POINT('',(-2.99922797447125,46.0000006854534,10.));
#2316=CARTESIAN_POINT('Origin',(-3.00000001490116,46.0000006854534,8.00000014901161));
#2317=CARTESIAN_POINT('',(34.0000005066395,46.0000006854534,10.));
#2318=CARTESIAN_POINT('Origin',(-10.0000001490116,12.0000001788139,10.));
#2319=CARTESIAN_POINT('',(-3.00000001490116,46.0000006854534,10.0000001490116));
#2320=CARTESIAN_POINT('',(34.0000005066395,46.0000006854534,10.));
#2321=CARTESIAN_POINT('',(-3.00000001490116,36.0000005364418,10.0000001490116));
#2322=CARTESIAN_POINT('',(-3.00000001490116,46.0000006854534,10.));
#2323=CARTESIAN_POINT('',(24.0000003576279,36.0000005364418,10.));
#2324=CARTESIAN_POINT('',(-44.0000006556511,36.0000005364418,10.));
#2325=CARTESIAN_POINT('',(24.0000003576279,-12.0000001788139,10.));
#2326=CARTESIAN_POINT('',(24.0000003576279,36.0000005364418,10.));
#2327=CARTESIAN_POINT('',(-44.0000006556511,-12.0000001788139,10.));
#2328=CARTESIAN_POINT('',(24.0000003576279,-12.0000001788139,10.));
#2329=CARTESIAN_POINT('',(-44.0000006556511,36.0000005364418,10.));
#2330=CARTESIAN_POINT('',(-44.0000006556511,-12.0000001788139,10.));
#2331=CARTESIAN_POINT('',(-18.0000002980232,36.0000005364418,10.0000001490116));
#2332=CARTESIAN_POINT('',(-44.0000006556511,36.0000005364418,10.));
#2333=CARTESIAN_POINT('',(-18.0000002980232,46.0000006854534,10.0000001490116));
#2334=CARTESIAN_POINT('',(-18.0000002980232,46.0000006854534,10.));
#2335=CARTESIAN_POINT('Origin',(-18.0000002980232,46.0000006854534,8.00000014901161));
#2336=CARTESIAN_POINT('Origin',(-20.0000002980232,46.0000006854534,8.00000014901161));
#2337=CARTESIAN_POINT('',(-20.0000002980232,36.0000005364418,3.00000004470348));
#2338=CARTESIAN_POINT('',(-20.0000002980232,36.0000005364418,8.00000014901161));
#2339=CARTESIAN_POINT('',(-20.0000002980232,36.0000005364418,4.00000007450581));
#2340=CARTESIAN_POINT('',(-20.0000002980232,46.0000006854534,3.00000004470348));
#2341=CARTESIAN_POINT('',(-20.0000002980232,46.0000006854534,8.00000014901161));
#2342=CARTESIAN_POINT('Origin',(-18.0000002980232,46.0000006854534,8.00000014901161));
#2343=CARTESIAN_POINT('Origin',(-18.0000002980232,36.0000005364418,8.00000014901161));
#2344=CARTESIAN_POINT('Origin',(-1.00000001490116,46.0000006854534,3.00000004470348));
#2345=CARTESIAN_POINT('',(-1.00000001490116,36.0000005364418,8.00000014901161));
#2346=CARTESIAN_POINT('',(-1.00000001490116,36.0000005364418,3.));
#2347=CARTESIAN_POINT('',(-1.00000001490116,36.0000005364418,1.50000002235174));
#2348=CARTESIAN_POINT('',(-1.00000001490116,46.0000006854534,8.00000014901161));
#2349=CARTESIAN_POINT('',(-1.00000001490116,46.0000006854534,3.00000004470348));
#2350=CARTESIAN_POINT('Origin',(-3.00000001490116,46.0000006854534,8.00000014901161));
#2351=CARTESIAN_POINT('Origin',(-3.00000001490116,36.0000005364418,8.00000014901161));
#2352=CARTESIAN_POINT('Origin',(-44.0000006556511,36.0000005364418,0.));
#2353=CARTESIAN_POINT('',(24.0000003576279,36.0000005364418,3.));
#2354=CARTESIAN_POINT('',(-27.0000004023314,36.0000005364418,3.));
#2355=CARTESIAN_POINT('',(24.0000003576279,36.0000005364418,0.));
#2356=CARTESIAN_POINT('Origin',(-44.0000006556511,36.0000005364418,0.));
#2357=CARTESIAN_POINT('',(-44.0000006556511,36.0000005364418,3.));
#2358=CARTESIAN_POINT('',(-44.0000006556511,36.0000005364418,0.));
#2359=CARTESIAN_POINT('',(-27.0000004023314,36.0000005364418,3.));
#2360=CARTESIAN_POINT('Origin',(-10.0000001490116,12.0000001788139,3.));
#2361=CARTESIAN_POINT('',(-44.0000006556511,-12.0000001788139,3.));
#2362=CARTESIAN_POINT('',(-44.0000006556511,0.,3.));
#2363=CARTESIAN_POINT('',(24.0000003576279,-12.0000001788139,3.));
#2364=CARTESIAN_POINT('',(7.00000010430813,-12.0000001788139,3.));
#2365=CARTESIAN_POINT('',(24.0000003576279,24.0000003576279,3.));
#2366=CARTESIAN_POINT('Origin',(24.0000003576279,-12.0000001788139,0.));
#2367=CARTESIAN_POINT('',(-44.0000006556511,-12.0000001788139,0.));
#2368=CARTESIAN_POINT('',(24.0000003576279,-12.0000001788139,0.));
#2369=CARTESIAN_POINT('Origin',(-44.0000006556511,-12.0000001788139,0.));
#2370=CARTESIAN_POINT('Origin',(24.0000003576279,36.0000005364418,0.));
#2371=CARTESIAN_POINT('Origin',(11.0000001639128,22.0000003278255,13.));
#2372=CARTESIAN_POINT('',(18.8102499562012,22.0000003278255,13.));
#2373=CARTESIAN_POINT('Origin',(11.0000001639128,22.0000003278255,13.));
#2374=CARTESIAN_POINT('',(18.8102499562012,22.0000003278255,10.));
#2375=CARTESIAN_POINT('',(18.8102499562012,22.0000003278255,13.));
#2376=CARTESIAN_POINT('Origin',(11.0000001639128,22.0000003278255,10.));
#2377=CARTESIAN_POINT('Origin',(-47.0000008046627,-15.0000003278255,10.));
#2378=CARTESIAN_POINT('',(-47.0000008046627,-22.0000003278255,10.));
#2379=CARTESIAN_POINT('',(-47.0000008046627,-19.0000003278255,13.));
#2380=CARTESIAN_POINT('Origin',(-47.0000008046627,-19.0000003278255,10.));
#2381=CARTESIAN_POINT('',(-51.0000008046627,-15.0000003278255,13.));
#2382=CARTESIAN_POINT('Origin',(-47.0000008046627,-15.0000003278255,13.));
#2383=CARTESIAN_POINT('',(-54.0000008046627,-15.0000003278255,10.));
#2384=CARTESIAN_POINT('Origin',(-51.0000008046627,-15.0000003278255,10.));
#2385=CARTESIAN_POINT('Origin',(-47.0000008046627,-15.0000003278255,10.));
#2386=CARTESIAN_POINT('Origin',(-51.0000008046627,29.0000004321337,10.));
#2387=CARTESIAN_POINT('',(-51.0000008046627,39.0000006854534,13.));
#2388=CARTESIAN_POINT('',(-54.0000008046627,39.0000006854534,10.));
#2389=CARTESIAN_POINT('Origin',(-51.0000008046627,39.0000006854534,10.));
#2390=CARTESIAN_POINT('',(-54.0000008046627,-22.0000003278255,10.));
#2391=CARTESIAN_POINT('',(-51.0000008046627,29.0000004321337,13.));
#2392=CARTESIAN_POINT('Origin',(-47.0000008046627,39.0000006854534,10.));
#2393=CARTESIAN_POINT('',(-47.0000008046627,43.0000006854534,13.));
#2394=CARTESIAN_POINT('Origin',(-47.0000008046627,39.0000006854534,13.));
#2395=CARTESIAN_POINT('',(-47.0000008046627,46.0000006854534,10.));
#2396=CARTESIAN_POINT('Origin',(-47.0000008046627,43.0000006854534,10.));
#2397=CARTESIAN_POINT('Origin',(-47.0000008046627,39.0000006854534,10.));
#2398=CARTESIAN_POINT('Origin',(12.0000001788139,43.0000006854534,10.));
#2399=CARTESIAN_POINT('',(27.0000005066395,43.0000006854534,13.));
#2400=CARTESIAN_POINT('',(27.0000005066395,46.0000006854534,10.));
#2401=CARTESIAN_POINT('Origin',(27.0000005066395,43.0000006854534,10.));
#2402=CARTESIAN_POINT('',(-54.0000008046627,46.0000006854534,10.));
#2403=CARTESIAN_POINT('',(12.0000001788139,43.0000006854534,13.));
#2404=CARTESIAN_POINT('Origin',(27.0000005066395,39.0000006854534,10.));
#2405=CARTESIAN_POINT('',(31.0000005066395,39.0000006854534,13.));
#2406=CARTESIAN_POINT('Origin',(27.0000005066395,39.0000006854534,13.));
#2407=CARTESIAN_POINT('',(34.0000005066395,39.0000006854534,10.));
#2408=CARTESIAN_POINT('Origin',(31.0000005066395,39.0000006854534,10.));
#2409=CARTESIAN_POINT('Origin',(27.0000005066395,39.0000006854534,10.));
#2410=CARTESIAN_POINT('Origin',(31.0000005066395,-5.00000007450581,10.));
#2411=CARTESIAN_POINT('',(31.0000005066395,-15.0000003278255,13.));
#2412=CARTESIAN_POINT('',(34.0000005066395,-15.0000003278255,10.));
#2413=CARTESIAN_POINT('Origin',(31.0000005066395,-15.0000003278255,10.));
#2414=CARTESIAN_POINT('',(34.0000005066395,46.0000006854534,10.));
#2415=CARTESIAN_POINT('',(31.0000005066395,-5.00000007450581,13.));
#2416=CARTESIAN_POINT('Origin',(27.0000005066395,-15.0000003278255,10.));
#2417=CARTESIAN_POINT('',(27.0000005066395,-19.0000003278255,13.));
#2418=CARTESIAN_POINT('Origin',(27.0000005066395,-15.0000003278255,13.));
#2419=CARTESIAN_POINT('',(27.0000005066395,-22.0000003278255,10.));
#2420=CARTESIAN_POINT('Origin',(27.0000005066395,-19.0000003278255,10.));
#2421=CARTESIAN_POINT('Origin',(27.0000005066395,-15.0000003278255,10.));
#2422=CARTESIAN_POINT('Origin',(-32.0000004768372,-19.0000003278255,10.));
#2423=CARTESIAN_POINT('',(34.0000005066395,-22.0000003278255,10.));
#2424=CARTESIAN_POINT('',(-32.0000004768372,-19.0000003278255,13.));
#2425=CARTESIAN_POINT('Origin',(-10.0000001490116,12.0000001788139,13.));
#2426=CARTESIAN_POINT('',(-35.0000004917383,34.5500005215406,13.));
#2427=CARTESIAN_POINT('',(-33.0000004917383,32.5500005215406,13.));
#2428=CARTESIAN_POINT('Origin',(-35.0000004917383,32.5500005215406,13.));
#2429=CARTESIAN_POINT('',(-33.0000004917383,13.5500001788139,13.));
#2430=CARTESIAN_POINT('',(-33.0000004917383,32.5500005215406,13.));
#2431=CARTESIAN_POINT('',(-35.0000004917383,11.5500001788139,13.));
#2432=CARTESIAN_POINT('Origin',(-35.0000004917383,13.5500001788139,13.));
#2433=CARTESIAN_POINT('',(-39.0000006109476,11.5500001788139,13.));
#2434=CARTESIAN_POINT('',(-35.0000004917383,11.5500001788139,13.));
#2435=CARTESIAN_POINT('',(-41.0000006109476,13.5500001788139,13.));
#2436=CARTESIAN_POINT('Origin',(-39.0000006109476,13.5500001788139,13.));
#2437=CARTESIAN_POINT('',(-41.0000006109476,32.5500005215406,13.));
#2438=CARTESIAN_POINT('',(-41.0000006109476,13.5500001788139,13.));
#2439=CARTESIAN_POINT('',(-39.0000006109476,34.5500005215406,13.));
#2440=CARTESIAN_POINT('Origin',(-39.0000006109476,32.5500005215406,13.));
#2441=CARTESIAN_POINT('',(-39.0000006109476,34.5500005215406,13.));
#2442=CARTESIAN_POINT('',(22.000000461936,10.4414225922121,13.));
#2443=CARTESIAN_POINT('',(24.000000461936,8.44142259221209,13.));
#2444=CARTESIAN_POINT('Origin',(22.000000461936,8.44142259221209,13.));
#2445=CARTESIAN_POINT('',(24.000000461936,-7.66084203752599,13.));
#2446=CARTESIAN_POINT('',(24.000000461936,8.44142259221209,13.));
#2447=CARTESIAN_POINT('',(22.000000461936,-9.66084203752599,13.));
#2448=CARTESIAN_POINT('Origin',(22.000000461936,-7.66084203752599,13.));
#2449=CARTESIAN_POINT('',(5.64336713682499,-9.66084203752599,13.));
#2450=CARTESIAN_POINT('',(22.000000461936,-9.66084203752599,13.));
#2451=CARTESIAN_POINT('',(3.64336713682499,-7.66084203752599,13.));
#2452=CARTESIAN_POINT('Origin',(5.64336713682499,-7.66084203752599,13.));
#2453=CARTESIAN_POINT('',(3.64336713682499,8.44142259221209,13.));
#2454=CARTESIAN_POINT('',(3.64336713682499,-7.66084203752599,13.));
#2455=CARTESIAN_POINT('',(5.64336713682499,10.4414225922121,13.));
#2456=CARTESIAN_POINT('Origin',(5.64336713682499,8.44142259221209,13.));
#2457=CARTESIAN_POINT('',(5.64336713682499,10.4414225922121,13.));
#2458=CARTESIAN_POINT('',(-41.6783170425351,8.35663302708778,13.));
#2459=CARTESIAN_POINT('',(-39.6783170425351,10.3566330270878,13.));
#2460=CARTESIAN_POINT('Origin',(-39.6783170425351,8.35663302708778,13.));
#2461=CARTESIAN_POINT('',(-23.6608419779213,10.3566330270878,13.));
#2462=CARTESIAN_POINT('',(-39.6783170425351,10.3566330270878,13.));
#2463=CARTESIAN_POINT('',(-21.6608419779213,8.35663302708779,13.));
#2464=CARTESIAN_POINT('Origin',(-23.6608419779213,8.35663302708779,13.));
#2465=CARTESIAN_POINT('',(-21.6608419779213,-7.57605247240168,13.));
#2466=CARTESIAN_POINT('',(-21.6608419779213,8.35663302708779,13.));
#2467=CARTESIAN_POINT('',(-23.6608419779213,-9.57605247240168,13.));
#2468=CARTESIAN_POINT('Origin',(-23.6608419779213,-7.57605247240168,13.));
#2469=CARTESIAN_POINT('',(-39.6783170425351,-9.57605247240168,13.));
#2470=CARTESIAN_POINT('',(-23.6608419779213,-9.57605247240168,13.));
#2471=CARTESIAN_POINT('',(-41.6783170425351,-7.57605247240168,13.));
#2472=CARTESIAN_POINT('Origin',(-39.6783170425351,-7.57605247240168,13.));
#2473=CARTESIAN_POINT('',(-41.6783170425351,-7.57605247240168,13.));
#2474=CARTESIAN_POINT('',(-0.999999895691862,10.4414225922121,13.));
#2475=CARTESIAN_POINT('',(1.00000010430814,8.4414225922121,13.));
#2476=CARTESIAN_POINT('Origin',(-0.999999895691862,8.4414225922121,13.));
#2477=CARTESIAN_POINT('',(1.00000010430814,-7.57605247240168,13.));
#2478=CARTESIAN_POINT('',(1.00000010430814,8.4414225922121,13.));
#2479=CARTESIAN_POINT('',(-0.999999895691862,-9.57605247240168,13.));
#2480=CARTESIAN_POINT('Origin',(-0.999999895691862,-7.57605247240168,13.));
#2481=CARTESIAN_POINT('',(-17.1022645254299,-9.57605247240168,13.));
#2482=CARTESIAN_POINT('',(-0.999999895691862,-9.57605247240168,13.));
#2483=CARTESIAN_POINT('',(-19.1022645254299,-7.57605247240168,13.));
#2484=CARTESIAN_POINT('Origin',(-17.1022645254299,-7.57605247240168,13.));
#2485=CARTESIAN_POINT('',(-19.1022645254299,8.4414225922121,13.));
#2486=CARTESIAN_POINT('',(-19.1022645254299,-7.57605247240168,13.));
#2487=CARTESIAN_POINT('',(-17.1022645254299,10.4414225922121,13.));
#2488=CARTESIAN_POINT('Origin',(-17.1022645254299,8.4414225922121,13.));
#2489=CARTESIAN_POINT('',(-17.1022645254299,10.4414225922121,13.));
#2490=CARTESIAN_POINT('Origin',(-10.0000001490116,12.0000001788139,10.));
#2491=CARTESIAN_POINT('',(-0.999999895691862,10.4414225922121,10.));
#2492=CARTESIAN_POINT('',(1.00000010430814,8.4414225922121,10.));
#2493=CARTESIAN_POINT('Origin',(-0.999999895691862,8.4414225922121,10.));
#2494=CARTESIAN_POINT('',(-17.1022645254299,10.4414225922121,10.));
#2495=CARTESIAN_POINT('',(-17.1022645254299,10.4414225922121,10.));
#2496=CARTESIAN_POINT('',(-19.1022645254299,8.4414225922121,10.));
#2497=CARTESIAN_POINT('Origin',(-17.1022645254299,8.4414225922121,10.));
#2498=CARTESIAN_POINT('',(-19.1022645254299,-7.57605247240168,10.));
#2499=CARTESIAN_POINT('',(-19.1022645254299,-7.57605247240168,10.));
#2500=CARTESIAN_POINT('',(-17.1022645254299,-9.57605247240168,10.));
#2501=CARTESIAN_POINT('Origin',(-17.1022645254299,-7.57605247240168,10.));
#2502=CARTESIAN_POINT('',(-0.999999895691862,-9.57605247240168,10.));
#2503=CARTESIAN_POINT('',(-0.999999895691862,-9.57605247240168,10.));
#2504=CARTESIAN_POINT('',(1.00000010430814,-7.57605247240168,10.));
#2505=CARTESIAN_POINT('Origin',(-0.999999895691862,-7.57605247240168,10.));
#2506=CARTESIAN_POINT('',(1.00000010430814,8.4414225922121,10.));
#2507=CARTESIAN_POINT('',(-41.6783170425351,8.35663302708778,10.));
#2508=CARTESIAN_POINT('',(-39.6783170425351,10.3566330270878,10.));
#2509=CARTESIAN_POINT('Origin',(-39.6783170425351,8.35663302708778,10.));
#2510=CARTESIAN_POINT('',(-41.6783170425351,-7.57605247240168,10.));
#2511=CARTESIAN_POINT('',(-41.6783170425351,-7.57605247240168,10.));
#2512=CARTESIAN_POINT('',(-39.6783170425351,-9.57605247240168,10.));
#2513=CARTESIAN_POINT('Origin',(-39.6783170425351,-7.57605247240168,10.));
#2514=CARTESIAN_POINT('',(-23.6608419779213,-9.57605247240168,10.));
#2515=CARTESIAN_POINT('',(-23.6608419779213,-9.57605247240168,10.));
#2516=CARTESIAN_POINT('',(-21.6608419779213,-7.57605247240168,10.));
#2517=CARTESIAN_POINT('Origin',(-23.6608419779213,-7.57605247240168,10.));
#2518=CARTESIAN_POINT('',(-21.6608419779213,8.35663302708779,10.));
#2519=CARTESIAN_POINT('',(-21.6608419779213,8.35663302708779,10.));
#2520=CARTESIAN_POINT('',(-23.6608419779213,10.3566330270878,10.));
#2521=CARTESIAN_POINT('Origin',(-23.6608419779213,8.35663302708779,10.));
#2522=CARTESIAN_POINT('',(-39.6783170425351,10.3566330270878,10.));
#2523=CARTESIAN_POINT('',(22.000000461936,10.4414225922121,10.));
#2524=CARTESIAN_POINT('',(24.000000461936,8.44142259221209,10.));
#2525=CARTESIAN_POINT('Origin',(22.000000461936,8.44142259221209,10.));
#2526=CARTESIAN_POINT('',(5.64336713682499,10.4414225922121,10.));
#2527=CARTESIAN_POINT('',(5.64336713682499,10.4414225922121,10.));
#2528=CARTESIAN_POINT('',(3.64336713682499,8.44142259221209,10.));
#2529=CARTESIAN_POINT('Origin',(5.64336713682499,8.44142259221209,10.));
#2530=CARTESIAN_POINT('',(3.64336713682499,-7.66084203752599,10.));
#2531=CARTESIAN_POINT('',(3.64336713682499,-7.66084203752599,10.));
#2532=CARTESIAN_POINT('',(5.64336713682499,-9.66084203752599,10.));
#2533=CARTESIAN_POINT('Origin',(5.64336713682499,-7.66084203752599,10.));
#2534=CARTESIAN_POINT('',(22.000000461936,-9.66084203752599,10.));
#2535=CARTESIAN_POINT('',(22.000000461936,-9.66084203752599,10.));
#2536=CARTESIAN_POINT('',(24.000000461936,-7.66084203752599,10.));
#2537=CARTESIAN_POINT('Origin',(22.000000461936,-7.66084203752599,10.));
#2538=CARTESIAN_POINT('',(24.000000461936,8.44142259221209,10.));
#2539=CARTESIAN_POINT('',(-35.0000004917383,34.5500005215406,10.));
#2540=CARTESIAN_POINT('',(-33.0000004917383,32.5500005215406,10.));
#2541=CARTESIAN_POINT('Origin',(-35.0000004917383,32.5500005215406,10.));
#2542=CARTESIAN_POINT('',(-39.0000006109476,34.5500005215406,10.));
#2543=CARTESIAN_POINT('',(-39.0000006109476,34.5500005215406,10.));
#2544=CARTESIAN_POINT('',(-41.0000006109476,32.5500005215406,10.));
#2545=CARTESIAN_POINT('Origin',(-39.0000006109476,32.5500005215406,10.));
#2546=CARTESIAN_POINT('',(-41.0000006109476,13.5500001788139,10.));
#2547=CARTESIAN_POINT('',(-41.0000006109476,13.5500001788139,10.));
#2548=CARTESIAN_POINT('',(-39.0000006109476,11.5500001788139,10.));
#2549=CARTESIAN_POINT('Origin',(-39.0000006109476,13.5500001788139,10.));
#2550=CARTESIAN_POINT('',(-35.0000004917383,11.5500001788139,10.));
#2551=CARTESIAN_POINT('',(-35.0000004917383,11.5500001788139,10.));
#2552=CARTESIAN_POINT('',(-33.0000004917383,13.5500001788139,10.));
#2553=CARTESIAN_POINT('Origin',(-35.0000004917383,13.5500001788139,10.));
#2554=CARTESIAN_POINT('',(-33.0000004917383,32.5500005215406,10.));
#2555=CARTESIAN_POINT('Origin',(-39.0000006109476,34.5500005215406,10.));
#2556=CARTESIAN_POINT('',(-35.0000004917383,34.5500005215406,10.));
#2557=CARTESIAN_POINT('',(-39.0000006109476,34.5500005215406,10.));
#2558=CARTESIAN_POINT('Origin',(-39.0000006109476,32.5500005215406,10.));
#2559=CARTESIAN_POINT('',(-41.0000006109476,32.5500005215406,10.));
#2560=CARTESIAN_POINT('Origin',(-41.0000006109476,13.5500001788139,10.));
#2561=CARTESIAN_POINT('',(-41.0000006109476,13.5500001788139,10.));
#2562=CARTESIAN_POINT('Origin',(-39.0000006109476,13.5500001788139,10.));
#2563=CARTESIAN_POINT('',(-39.0000006109476,11.5500001788139,10.));
#2564=CARTESIAN_POINT('Origin',(-35.0000004917383,11.5500001788139,10.));
#2565=CARTESIAN_POINT('',(-35.0000004917383,11.5500001788139,10.));
#2566=CARTESIAN_POINT('Origin',(-35.0000004917383,13.5500001788139,10.));
#2567=CARTESIAN_POINT('',(-33.0000004917383,13.5500001788139,10.));
#2568=CARTESIAN_POINT('Origin',(-33.0000004917383,32.5500005215406,10.));
#2569=CARTESIAN_POINT('',(-33.0000004917383,32.5500005215406,10.));
#2570=CARTESIAN_POINT('Origin',(-35.0000004917383,32.5500005215406,10.));
#2571=CARTESIAN_POINT('Origin',(5.64336713682499,10.4414225922121,10.));
#2572=CARTESIAN_POINT('',(22.000000461936,10.4414225922121,10.));
#2573=CARTESIAN_POINT('',(5.64336713682499,10.4414225922121,10.));
#2574=CARTESIAN_POINT('Origin',(5.64336713682499,8.44142259221209,10.));
#2575=CARTESIAN_POINT('',(3.64336713682499,8.44142259221209,10.));
#2576=CARTESIAN_POINT('Origin',(3.64336713682499,-7.66084203752599,10.));
#2577=CARTESIAN_POINT('',(3.64336713682499,-7.66084203752599,10.));
#2578=CARTESIAN_POINT('Origin',(5.64336713682499,-7.66084203752599,10.));
#2579=CARTESIAN_POINT('',(5.64336713682499,-9.66084203752599,10.));
#2580=CARTESIAN_POINT('Origin',(22.000000461936,-9.66084203752599,10.));
#2581=CARTESIAN_POINT('',(22.000000461936,-9.66084203752599,10.));
#2582=CARTESIAN_POINT('Origin',(22.000000461936,-7.66084203752599,10.));
#2583=CARTESIAN_POINT('',(24.000000461936,-7.66084203752599,10.));
#2584=CARTESIAN_POINT('Origin',(24.000000461936,8.44142259221209,10.));
#2585=CARTESIAN_POINT('',(24.000000461936,8.44142259221209,10.));
#2586=CARTESIAN_POINT('Origin',(22.000000461936,8.44142259221209,10.));
#2587=CARTESIAN_POINT('Origin',(-41.6783170425351,-7.57605247240168,10.));
#2588=CARTESIAN_POINT('',(-41.6783170425351,8.35663302708778,10.));
#2589=CARTESIAN_POINT('',(-41.6783170425351,-7.57605247240168,10.));
#2590=CARTESIAN_POINT('Origin',(-39.6783170425351,-7.57605247240168,10.));
#2591=CARTESIAN_POINT('',(-39.6783170425351,-9.57605247240168,10.));
#2592=CARTESIAN_POINT('Origin',(-23.6608419779213,-9.57605247240168,10.));
#2593=CARTESIAN_POINT('',(-23.6608419779213,-9.57605247240168,10.));
#2594=CARTESIAN_POINT('Origin',(-23.6608419779213,-7.57605247240168,10.));
#2595=CARTESIAN_POINT('',(-21.6608419779213,-7.57605247240168,10.));
#2596=CARTESIAN_POINT('Origin',(-21.6608419779213,8.35663302708779,10.));
#2597=CARTESIAN_POINT('',(-21.6608419779213,8.35663302708779,10.));
#2598=CARTESIAN_POINT('Origin',(-23.6608419779213,8.35663302708779,10.));
#2599=CARTESIAN_POINT('',(-23.6608419779213,10.3566330270878,10.));
#2600=CARTESIAN_POINT('Origin',(-39.6783170425351,10.3566330270878,10.));
#2601=CARTESIAN_POINT('',(-39.6783170425351,10.3566330270878,10.));
#2602=CARTESIAN_POINT('Origin',(-39.6783170425351,8.35663302708778,10.));
#2603=CARTESIAN_POINT('Origin',(-17.1022645254299,10.4414225922121,10.));
#2604=CARTESIAN_POINT('',(-0.999999895691862,10.4414225922121,10.));
#2605=CARTESIAN_POINT('',(-17.1022645254299,10.4414225922121,10.));
#2606=CARTESIAN_POINT('Origin',(-17.1022645254299,8.4414225922121,10.));
#2607=CARTESIAN_POINT('',(-19.1022645254299,8.4414225922121,10.));
#2608=CARTESIAN_POINT('Origin',(-19.1022645254299,-7.57605247240168,10.));
#2609=CARTESIAN_POINT('',(-19.1022645254299,-7.57605247240168,10.));
#2610=CARTESIAN_POINT('Origin',(-17.1022645254299,-7.57605247240168,10.));
#2611=CARTESIAN_POINT('',(-17.1022645254299,-9.57605247240168,10.));
#2612=CARTESIAN_POINT('Origin',(-0.999999895691862,-9.57605247240168,10.));
#2613=CARTESIAN_POINT('',(-0.999999895691862,-9.57605247240168,10.));
#2614=CARTESIAN_POINT('Origin',(-0.999999895691862,-7.57605247240168,10.));
#2615=CARTESIAN_POINT('',(1.00000010430814,-7.57605247240168,10.));
#2616=CARTESIAN_POINT('Origin',(1.00000010430814,8.4414225922121,10.));
#2617=CARTESIAN_POINT('',(1.00000010430814,8.4414225922121,10.));
#2618=CARTESIAN_POINT('Origin',(-0.999999895691862,8.4414225922121,10.));
#2619=UNCERTAINTY_MEASURE_WITH_UNIT(LENGTH_MEASURE(0.01),#2623,
'DISTANCE_ACCURACY_VALUE',
'Maximum model space distance between geometric entities at asserted c
onnectivities');
#2620=UNCERTAINTY_MEASURE_WITH_UNIT(LENGTH_MEASURE(0.01),#2623,
'DISTANCE_ACCURACY_VALUE',
'Maximum model space distance between geometric entities at asserted c
onnectivities');
#2621=(
GEOMETRIC_REPRESENTATION_CONTEXT(3)
GLOBAL_UNCERTAINTY_ASSIGNED_CONTEXT((#2619))
GLOBAL_UNIT_ASSIGNED_CONTEXT((#2623,#2624,#2625))
REPRESENTATION_CONTEXT('','3D')
);
#2622=(
GEOMETRIC_REPRESENTATION_CONTEXT(3)
GLOBAL_UNCERTAINTY_ASSIGNED_CONTEXT((#2620))
GLOBAL_UNIT_ASSIGNED_CONTEXT((#2623,#2624,#2625))
REPRESENTATION_CONTEXT('','3D')
);
#2623=(
LENGTH_UNIT()
NAMED_UNIT(*)
SI_UNIT(.MILLI.,.METRE.)
);
#2624=(
NAMED_UNIT(*)
PLANE_ANGLE_UNIT()
SI_UNIT($,.RADIAN.)
);
#2625=(
NAMED_UNIT(*)
SI_UNIT($,.STERADIAN.)
SOLID_ANGLE_UNIT()
);
#2626=SHAPE_DEFINITION_REPRESENTATION(#2627,#2628);
#2627=PRODUCT_DEFINITION_SHAPE('',$,#2630);
#2628=SHAPE_REPRESENTATION('',(#1491),#2621);
#2629=PRODUCT_DEFINITION_CONTEXT('part definition',#2634,'design');
#2630=PRODUCT_DEFINITION('2026-05-07-17-51-21-345','caseDecbIN',#2631,#2629);
#2631=PRODUCT_DEFINITION_FORMATION('',$,#2636);
#2632=PRODUCT_RELATED_PRODUCT_CATEGORY('caseDecbIN','caseDecbIN',(#2636));
#2633=APPLICATION_PROTOCOL_DEFINITION('international standard',
'automotive_design',2009,#2634);
#2634=APPLICATION_CONTEXT(
'Core Data for Automotive Mechanical Design Process');
#2635=PRODUCT_CONTEXT('part definition',#2634,'mechanical');
#2636=PRODUCT('2026-05-07-17-51-21-345','caseDecbIN',$,(#2635));
#2637=PRESENTATION_STYLE_ASSIGNMENT((#2638));
#2638=SURFACE_STYLE_USAGE(.BOTH.,#2639);
#2639=SURFACE_SIDE_STYLE('',(#2640));
#2640=SURFACE_STYLE_FILL_AREA(#2641);
#2641=FILL_AREA_STYLE('Steel - Satin',(#2642));
#2642=FILL_AREA_STYLE_COLOUR('Steel - Satin',#2643);
#2643=COLOUR_RGB('Steel - Satin',0.627450980392157,0.627450980392157,0.627450980392157);
ENDSEC;
END-ISO-10303-21;
